# CEM I with 3.5 % limestone filler -- volume fractions of the phase families, pH, porosity
# produced by scripts/precompute_docs.jl -- do not edit by hand
# ChemistryLab version: 0.18.0
# commit: e2996fd0
# generated: 2026-09-12 10:50
# instants: 80 log-spaced over 28.0 days
# w/b 0.50, Blaine default, 20 C, 1 kg of binder
# clinker (mass fractions): (C3S = 0.65, C2S = 0.11, C3A = 0.11, C4AF = 0.08)
# certified: 79 of 80 replayed instants proved optimal against the KKT conditions
time_s,AFm,AFt,C-S-H,CH,FH3,anhydrous,calcite,gypsum,hydrogarnet,void,water,pore_pH,poro_liquid,poro_void,poro_total
4.320000e+03,3.708928e-08,9.783047e-03,2.012039e-07,1.957464e-08,4.205192e-05,3.384591e-01,1.036095e-02,1.600872e-02,3.210684e-09,1.245698e-02,6.128888e-01,11.695714,0.612889,0.012457,0.625346
4.680270e+03,0.000000e+00,1.074529e-02,0.000000e+00,0.000000e+00,4.720689e-05,3.383309e-01,9.994323e-03,1.544224e-02,0.000000e+00,1.326458e-02,6.121754e-01,11.742055,0.612175,0.013265,0.625440
5.070586e+03,0.000000e+00,1.180019e-02,0.000000e+00,0.000000e+00,5.291255e-05,3.381889e-01,9.611744e-03,1.485112e-02,0.000000e+00,1.410761e-02,6.113875e-01,11.798351,0.611388,0.014108,0.625495
5.493452e+03,0.000000e+00,1.295699e-02,3.758680e-06,0.000000e+00,5.930672e-05,3.380312e-01,9.213770e-03,1.423621e-02,0.000000e+00,1.498305e-02,6.105157e-01,11.858993,0.610517,0.014983,0.625500
5.951583e+03,0.000000e+00,1.422520e-02,2.944051e-05,0.000000e+00,6.647206e-05,3.378554e-01,8.801181e-03,1.359871e-02,0.000000e+00,1.587936e-02,6.095443e-01,11.906642,0.609553,0.015879,0.625433
6.447921e+03,0.000000e+00,1.561511e-02,6.351619e-05,0.000000e+00,7.450109e-05,3.376586e-01,8.375009e-03,1.294024e-02,0.000000e+00,1.680515e-02,6.084679e-01,11.965909,0.608487,0.016805,0.625292
6.985651e+03,0.000000e+00,1.713786e-02,1.093457e-04,0.000000e+00,8.349727e-05,3.374369e-01,7.936554e-03,1.226278e-02,0.000000e+00,1.775907e-02,6.072740e-01,12.038716,0.607307,0.017759,0.625066
7.568226e+03,0.000000e+00,1.880554e-02,1.718800e-04,0.000000e+00,9.357630e-05,3.371856e-01,7.487401e-03,1.156879e-02,0.000000e+00,1.874003e-02,6.059472e-01,12.126102,0.606000,0.018740,0.624740
8.199385e+03,0.000000e+00,2.063116e-02,2.584696e-04,0.000000e+00,1.048675e-04,3.368979e-01,7.029431e-03,1.086118e-02,0.000000e+00,1.974756e-02,6.044694e-01,12.227781,0.604548,0.019748,0.624296
8.883180e+03,0.000000e+00,2.262877e-02,3.799046e-04,0.000000e+00,1.175154e-04,3.365653e-01,6.564828e-03,1.014332e-02,0.000000e+00,2.078235e-02,6.028180e-01,12.342202,0.602934,0.020782,0.623716
9.624001e+03,0.000000e+00,2.481347e-02,5.516963e-04,0.000000e+00,1.316814e-04,3.361758e-01,6.096069e-03,9.419043e-03,0.000000e+00,2.184717e-02,6.009651e-01,12.467068,0.601133,0.021847,0.622980
1.042660e+04,0.000000e+00,2.720144e-02,7.957124e-04,0.000000e+00,1.475457e-04,3.357136e-01,5.625917e-03,8.692610e-03,0.000000e+00,2.294805e-02,5.988751e-01,12.599914,0.599117,0.022948,0.622066
1.129614e+04,0.000000e+00,2.981001e-02,1.142125e-03,2.828632e-05,1.653094e-04,3.351571e-01,5.157389e-03,7.968687e-03,0.000000e+00,2.405444e-02,5.965166e-01,12.712396,0.596864,0.024054,0.620919
1.223819e+04,0.000000e+00,3.261635e-02,1.632072e-03,2.160537e-04,1.851973e-04,3.344827e-01,4.693719e-03,7.252270e-03,0.000000e+00,2.499564e-02,5.939260e-01,12.712179,0.594423,0.024996,0.619419
1.325881e+04,0.000000e+00,3.558399e-02,2.322316e-03,4.794908e-04,2.074588e-04,3.336591e-01,4.238306e-03,6.548611e-03,0.000000e+00,2.592612e-02,5.910346e-01,12.712059,0.591742,0.025926,0.617668
1.436454e+04,0.000000e+00,3.871783e-02,3.286494e-03,8.466557e-04,2.323722e-04,3.326384e-01,3.794644e-03,5.863109e-03,0.000000e+00,2.684513e-02,5.877754e-01,12.712056,0.588776,0.026845,0.615621
1.556248e+04,0.000000e+00,4.202253e-02,4.619280e-03,1.353758e-03,2.602471e-04,3.313589e-01,3.366240e-03,5.201181e-03,0.000000e+00,2.775419e-02,5.840637e-01,12.712188,0.585470,0.027754,0.613225
1.686033e+04,0.000000e+00,4.550247e-02,6.438404e-03,2.045992e-03,2.914277e-04,3.297441e-01,2.956516e-03,4.568116e-03,0.000000e+00,2.865764e-02,5.797953e-01,12.712473,0.581756,0.028658,0.610414
1.826641e+04,0.000000e+00,4.916165e-02,8.884259e-03,2.977451e-03,3.262962e-04,3.277030e-01,2.568709e-03,3.968915e-03,0.000000e+00,2.956281e-02,5.748469e-01,12.712925,0.577552,0.029563,0.607115
1.978975e+04,0.000000e+00,5.300378e-02,1.211565e-02,4.209558e-03,3.652762e-04,3.251322e-01,2.205753e-03,3.408112e-03,0.000000e+00,3.047982e-02,5.690799e-01,12.713554,0.572769,0.030480,0.603249
2.144014e+04,0.000000e+00,5.703219e-02,1.630050e-02,5.807548e-03,4.088370e-04,3.219225e-01,1.870172e-03,2.889605e-03,0.000000e+00,3.142087e-02,5.623477e-01,12.714368,0.567312,0.031421,0.598733
2.322816e+04,0.000000e+00,6.124989e-02,2.160155e-02,7.834966e-03,4.574975e-04,3.179680e-01,1.563972e-03,2.416495e-03,0.000000e+00,3.239884e-02,5.545088e-01,12.715367,0.561087,0.032399,0.593486
2.516529e+04,0.000000e+00,6.565957e-02,2.805259e-02,1.030531e-02,5.118301e-04,3.132460e-01,1.288547e-03,1.990936e-03,0.000000e+00,3.341362e-02,5.455316e-01,12.716551,0.554075,0.033414,0.587488
2.726397e+04,0.000000e+00,7.025532e-02,3.506682e-02,1.298960e-02,5.724654e-04,3.081377e-01,1.044614e-03,1.614034e-03,0.000000e+00,3.439755e-02,5.359219e-01,12.717915,0.546601,0.034398,0.580998
2.953768e+04,5.015117e-04,7.360543e-02,4.243883e-02,1.580708e-02,6.400965e-04,3.027853e-01,8.321661e-04,1.285781e-03,0.000000e+00,3.545063e-02,5.266532e-01,12.718811,0.539577,0.035451,0.575028
3.200100e+04,1.954287e-03,7.449219e-02,5.005667e-02,1.871378e-02,7.154825e-04,2.972612e-01,6.504731e-04,1.005047e-03,0.000000e+00,3.666797e-02,5.184829e-01,12.718702,0.533727,0.036668,0.570395
3.466975e+04,3.505582e-03,7.523615e-02,5.782565e-02,2.167591e-02,7.994529e-04,2.916234e-01,4.981119e-04,7.696332e-04,0.000000e+00,3.784123e-02,5.102249e-01,12.718623,0.527835,0.037841,0.565676
3.756106e+04,5.158433e-03,7.584725e-02,6.567604e-02,2.466715e-02,8.929107e-04,2.859141e-01,3.730428e-04,5.763888e-04,0.000000e+00,3.896652e-02,5.019282e-01,12.718574,0.521929,0.038967,0.560895
4.069350e+04,6.914787e-03,7.633788e-02,7.356232e-02,2.767045e-02,9.968350e-04,2.801597e-01,2.727210e-04,4.213815e-04,0.000000e+00,4.004361e-02,4.936203e-01,12.718557,0.516022,0.040044,0.556066
4.408717e+04,8.775848e-03,7.672220e-02,8.145659e-02,3.067549e-02,1.112282e-03,2.743755e-01,1.942376e-04,3.001167e-04,0.000000e+00,4.107492e-02,4.853128e-01,12.718570,0.510119,0.041075,0.551194
4.776386e+04,1.074243e-02,7.701538e-02,8.934082e-02,3.367576e-02,1.240385e-03,2.685704e-01,1.344797e-04,2.077847e-04,0.000000e+00,4.206433e-02,4.770082e-01,12.718612,0.504215,0.042064,0.546280
5.174717e+04,1.281529e-02,7.723277e-02,9.720131e-02,3.666642e-02,1.382353e-03,2.627504e-01,9.029500e-05,1.395149e-04,0.000000e+00,4.301625e-02,4.687054e-01,12.718680,0.498306,0.043016,0.541323
5.606268e+04,1.499521e-02,7.738918e-02,1.050261e-01,3.964337e-02,1.539410e-03,2.569203e-01,5.864673e-05,9.061512e-05,0.000000e+00,4.393507e-02,4.604021e-01,12.718772,0.492386,0.043935,0.536321
6.073808e+04,1.725550e-02,7.749817e-02,1.128041e-01,4.259934e-02,1.705520e-03,2.510983e-01,3.674463e-05,5.677416e-05,0.000000e+00,4.482661e-02,4.521189e-01,12.718883,0.486471,0.044827,0.531298
6.580338e+04,1.957385e-02,7.757165e-02,1.205250e-01,4.552790e-02,1.875688e-03,2.453003e-01,2.214167e-05,3.421112e-05,0.000000e+00,4.569583e-02,4.438734e-01,12.719009,0.480577,0.045696,0.526273
7.129111e+04,2.194650e-02,7.761958e-02,1.281793e-01,4.842523e-02,2.049632e-03,2.395326e-01,1.279031e-05,1.976233e-05,0.000000e+00,4.654581e-02,4.356688e-01,12.719147,0.474704,0.046546,0.521249
7.723650e+04,2.437014e-02,7.764992e-02,1.357581e-01,5.128782e-02,2.227048e-03,2.338011e-01,7.057913e-06,1.090519e-05,0.000000e+00,4.737890e-02,4.275091e-01,12.719296,0.468852,0.047379,0.516231
8.367771e+04,2.684194e-02,7.766870e-02,1.432533e-01,5.411250e-02,2.407613e-03,2.281114e-01,3.706279e-06,5.726576e-06,0.000000e+00,4.819677e-02,4.193984e-01,12.719454,0.463024,0.048197,0.511220
9.065609e+04,2.935945e-02,7.768026e-02,1.506576e-01,5.689640e-02,2.590991e-03,2.224686e-01,1.844468e-06,2.849889e-06,0.000000e+00,4.900050e-02,4.113416e-01,12.719621,0.457222,0.049000,0.506222
9.821643e+04,3.192051e-02,7.768755e-02,1.579643e-01,5.963695e-02,2.776832e-03,2.168775e-01,8.660231e-07,1.338093e-06,0.000000e+00,4.979067e-02,4.033435e-01,12.719795,0.451449,0.049791,0.501239
1.064073e+05,3.452142e-02,7.769247e-02,1.651676e-01,6.233168e-02,2.964331e-03,2.113433e-01,3.817733e-07,5.898784e-07,0.000000e+00,5.056765e-02,3.954105e-01,12.719976,0.445709,0.050568,0.496277
1.152812e+05,3.715490e-02,7.769615e-02,1.722622e-01,6.497795e-02,3.151720e-03,2.058726e-01,1.571865e-07,2.428691e-07,0.000000e+00,5.133182e-02,3.875522e-01,12.720163,0.440012,0.051332,0.491344
1.248952e+05,3.979764e-02,7.769921e-02,1.792434e-01,6.757443e-02,3.339409e-03,2.004759e-01,6.010154e-08,9.286296e-08,0.000000e+00,5.208217e-02,3.797877e-01,12.720355,0.434373,0.052082,0.486455
1.353109e+05,4.241750e-02,7.770198e-02,1.861073e-01,7.012008e-02,3.527922e-03,1.951661e-01,2.120973e-08,3.277118e-08,0.000000e+00,5.281736e-02,3.721417e-01,12.720549,0.428817,0.052817,0.481635
1.465953e+05,4.501353e-02,7.770461e-02,1.928504e-01,7.261411e-02,3.717687e-03,1.899453e-01,6.862169e-09,1.060275e-08,0.000000e+00,5.353695e-02,3.646174e-01,12.720745,0.423347,0.053537,0.476884
1.588208e+05,4.758499e-02,7.770718e-02,1.994698e-01,7.505592e-02,3.909060e-03,1.848151e-01,2.020771e-09,3.122296e-09,0.000000e+00,5.424058e-02,3.572174e-01,12.720945,0.417962,0.054241,0.472203
1.720658e+05,5.013115e-02,7.770972e-02,2.059630e-01,7.744508e-02,4.102325e-03,1.797770e-01,5.373957e-10,8.303307e-10,0.000000e+00,5.492794e-02,3.499437e-01,12.721149,0.412666,0.054928,0.467594
1.864154e+05,5.264523e-02,7.771223e-02,2.123282e-01,7.978057e-02,4.296127e-03,1.748352e-01,1.279684e-10,1.977241e-10,0.000000e+00,5.559920e-02,3.428033e-01,12.721358,0.407464,0.055599,0.463063
2.019616e+05,5.512100e-02,7.771472e-02,2.185639e-01,8.206158e-02,4.489191e-03,1.699931e-01,2.703527e-11,4.177222e-11,0.000000e+00,5.625454e-02,3.358020e-01,12.721573,0.402362,0.056255,0.458616
2.188044e+05,5.755621e-02,7.771718e-02,2.246689e-01,8.428796e-02,4.681220e-03,1.652521e-01,5.017303e-12,7.752240e-12,0.000000e+00,5.689396e-02,3.289424e-01,12.721796,0.397361,0.056894,0.454255
2.370518e+05,5.994886e-02,7.771960e-02,2.306426e-01,8.645968e-02,4.871939e-03,1.606134e-01,8.092143e-13,1.250318e-12,0.000000e+00,5.751751e-02,3.222264e-01,12.722028,0.392465,0.057518,0.449982
2.568209e+05,6.229722e-02,7.772200e-02,2.364845e-01,8.857690e-02,5.061089e-03,1.560776e-01,1.120617e-13,1.731466e-13,0.000000e+00,5.812526e-02,3.156554e-01,12.722272,0.387673,0.058125,0.445798
2.782388e+05,6.459983e-02,7.772437e-02,2.421947e-01,9.063988e-02,5.248430e-03,1.516452e-01,1.316202e-14,2.033665e-14,0.000000e+00,5.871734e-02,3.092303e-01,12.722529,0.382986,0.058717,0.441704
3.014427e+05,6.685545e-02,7.772670e-02,2.477733e-01,9.264900e-02,5.433743e-03,1.473163e-01,1.293011e-15,1.997832e-15,0.000000e+00,5.929389e-02,3.029517e-01,12.722803,0.378407,0.059294,0.437701
3.265818e+05,6.906309e-02,7.772900e-02,2.532209e-01,9.460474e-02,5.616826e-03,1.430907e-01,1.045655e-16,1.615643e-16,0.000000e+00,5.985509e-02,2.968197e-01,12.723095,0.373934,0.059855,0.433789
3.538174e+05,7.122197e-02,7.773127e-02,2.585382e-01,9.650769e-02,5.797499e-03,1.389682e-01,6.887592e-18,1.064203e-17,0.000000e+00,6.040113e-02,2.908341e-01,12.723411,0.369567,0.060401,0.429969
3.833243e+05,7.333151e-02,7.773350e-02,2.637262e-01,9.835851e-02,5.975600e-03,1.349480e-01,3.593137e-19,5.551760e-19,0.000000e+00,6.093223e-02,2.849944e-01,12.723752,0.365308,0.060932,0.426240
4.152920e+05,7.539130e-02,7.773570e-02,2.687861e-01,1.001579e-01,6.150985e-03,1.310296e-01,1.451925e-20,2.243370e-20,0.000000e+00,6.144864e-02,2.792998e-01,12.724124,0.361154,0.061449,0.422603
4.499257e+05,7.740115e-02,7.773787e-02,2.737191e-01,1.019067e-01,6.323529e-03,1.272119e-01,5.860642e-22,9.055284e-22,0.000000e+00,6.195060e-02,2.737491e-01,12.724530,0.357105,0.061951,0.419056
4.874476e+05,7.936097e-02,7.774001e-02,2.785270e-01,1.036058e-01,6.493124e-03,1.234938e-01,3.915837e-23,6.050364e-23,0.000000e+00,6.243838e-02,2.683409e-01,12.724976,0.353161,0.062438,0.415600
5.280988e+05,8.127087e-02,7.774211e-02,2.832112e-01,1.052560e-01,6.659677e-03,1.198742e-01,1.095430e-24,1.692550e-24,0.000000e+00,6.291226e-02,2.630737e-01,12.725465,0.349321,0.062912,0.412233
5.721401e+05,8.313105e-02,7.774418e-02,2.877736e-01,1.068583e-01,6.823112e-03,1.163515e-01,5.866774e-26,9.064758e-26,0.000000e+00,6.337252e-02,2.579457e-01,12.726005,0.345582,0.063373,0.408955
6.198542e+05,8.494184e-02,7.774623e-02,2.922161e-01,1.084136e-01,6.983367e-03,1.129244e-01,2.172975e-27,3.357464e-27,0.000000e+00,6.381945e-02,2.529550e-01,12.726600,0.341944,0.063819,0.405764
6.715475e+05,8.670369e-02,7.774824e-02,2.965406e-01,1.099230e-01,7.140391e-03,1.095914e-01,5.879794e-30,9.077252e-30,0.000000e+00,6.425336e-02,2.480994e-01,12.727257,0.338406,0.064253,0.402659
7.275518e+05,8.841711e-02,7.775023e-02,3.007493e-01,1.113874e-01,7.294150e-03,1.063506e-01,2.616158e-29,4.039579e-29,0.000000e+00,6.467453e-02,2.433766e-01,12.727984,0.334965,0.064675,0.399639
7.882266e+05,9.008273e-02,7.775219e-02,3.048443e-01,1.128079e-01,7.444618e-03,1.032005e-01,1.927848e-30,2.961224e-30,0.000000e+00,6.508329e-02,2.387845e-01,12.728787,0.331620,0.065083,0.396703
8.539615e+05,9.170123e-02,7.775413e-02,3.088277e-01,1.141855e-01,7.591780e-03,1.001393e-01,0.000000e+00,0.000000e+00,0.000000e+00,6.547992e-02,2.343205e-01,12.729675,0.328369,0.065480,0.393849
9.251784e+05,9.327335e-02,7.775605e-02,3.127019e-01,1.155212e-01,7.735632e-03,9.716508e-02,0.000000e+00,0.000000e+00,0.000000e+00,6.586474e-02,2.299821e-01,12.730657,0.325210,0.065865,0.391075
1.002335e+06,9.479988e-02,7.775796e-02,3.164692e-01,1.168160e-01,7.876178e-03,9.427608e-02,0.000000e+00,0.000000e+00,0.000000e+00,6.623806e-02,2.257666e-01,12.731742,0.322142,0.066238,0.388380
1.085925e+06,9.628168e-02,7.775985e-02,3.201318e-01,1.180711e-01,8.013431e-03,9.147038e-02,0.000000e+00,0.000000e+00,0.000000e+00,6.660017e-02,2.216716e-01,12.732940,0.319162,0.066600,0.385762
1.176487e+06,9.771962e-02,7.776174e-02,3.236920e-01,1.192875e-01,8.147407e-03,8.874610e-02,0.000000e+00,0.000000e+00,0.000000e+00,6.695138e-02,2.176943e-01,12.734264,0.316269,0.066951,0.383220
1.274601e+06,9.911461e-02,7.776362e-02,3.271523e-01,1.204661e-01,8.278134e-03,8.610131e-02,0.000000e+00,0.000000e+00,0.000000e+00,6.729199e-02,2.138319e-01,12.735726,0.313461,0.067292,0.380752
1.380897e+06,1.004676e-01,7.776551e-02,3.305150e-01,1.216080e-01,8.405641e-03,8.353410e-02,0.000000e+00,0.000000e+00,0.000000e+00,6.762230e-02,2.100819e-01,12.737340,0.310735,0.067622,0.378357
1.496059e+06,1.017795e-01,7.776741e-02,3.337823e-01,1.227142e-01,8.529965e-03,8.104256e-02,0.000000e+00,0.000000e+00,0.000000e+00,6.794261e-02,2.064414e-01,12.739121,0.308089,0.067943,0.376032
1.620824e+06,1.030513e-01,7.776933e-02,3.369567e-01,1.237857e-01,8.651146e-03,7.862478e-02,0.000000e+00,0.000000e+00,0.000000e+00,6.825319e-02,2.029078e-01,12.741086,0.305522,0.068253,0.373775
1.755994e+06,1.042839e-01,7.777129e-02,3.400405e-01,1.248235e-01,8.769227e-03,7.627886e-02,0.000000e+00,0.000000e+00,0.000000e+00,6.855436e-02,1.994784e-01,12.743254,0.303032,0.068554,0.371586
1.902437e+06,1.054784e-01,7.777330e-02,3.430360e-01,1.258284e-01,8.884256e-03,7.400291e-02,0.000000e+00,0.000000e+00,0.000000e+00,6.884637e-02,1.961503e-01,12.745648,0.300616,0.068846,0.369462
2.061092e+06,1.066357e-01,7.777540e-02,3.459455e-01,1.268015e-01,8.996283e-03,7.179507e-02,0.000000e+00,0.000000e+00,0.000000e+00,6.912953e-02,1.929210e-01,12.748292,0.298273,0.069130,0.367402
2.232979e+06,1.077567e-01,7.777761e-02,3.487711e-01,1.277438e-01,9.105358e-03,6.965350e-02,0.000000e+00,0.000000e+00,0.000000e+00,6.940410e-02,1.897879e-01,12.751213,0.296000,0.069404,0.365404
2.419200e+06,1.088425e-01,7.778000e-02,3.515152e-01,1.286559e-01,9.211538e-03,6.757638e-02,0.000000e+00,0.000000e+00,0.000000e+00,6.967036e-02,1.867481e-01,12.754445,0.293796,0.069670,0.363466
