# the same paste with the limestone removed -- volume fractions of the phase families, pH, porosity
# produced by scripts/precompute_docs.jl -- do not edit by hand
# ChemistryLab version: 0.18.0
# commit: abd6a4a6
# generated: 2026-09-12 01:19
# instants: 80 log-spaced over 28.0 days
# w/b 0.50, Blaine default, 20 C, 1 kg of binder
# clinker (mass fractions): (C3S = 0.65, C2S = 0.11, C3A = 0.11, C4AF = 0.08)
# certified: 74 of 80 replayed instants proved optimal against the KKT conditions
time_s,AFm,AFt,C-S-H,CH,FH3,anhydrous,calcite,gypsum,hydrogarnet,void,water,pore_pH,poro_liquid,poro_void,poro_total
4.320000e+03,5.280328e-13,1.018653e-02,1.613569e-05,2.385983e-08,4.366907e-05,3.524139e-01,0.000000e+00,1.605723e-02,1.199454e-08,4.132599e-03,6.171499e-01,11.492461,0.617155,0.004133,0.621287
4.680270e+03,3.495629e-08,1.118794e-02,1.455663e-08,7.015308e-10,4.912175e-05,3.522804e-01,0.000000e+00,1.548903e-02,1.794585e-08,4.400322e-03,6.165931e-01,11.635629,0.616593,0.004400,0.620993
5.070586e+03,3.178524e-08,1.228637e-02,7.266675e-06,1.001027e-09,5.506642e-05,3.521325e-01,0.000000e+00,1.489611e-02,1.686535e-08,4.664064e-03,6.159585e-01,11.704668,0.615961,0.004664,0.620625
5.493452e+03,4.104015e-08,1.349090e-02,2.150114e-05,3.685006e-09,6.172885e-05,3.519683e-01,0.000000e+00,1.427934e-02,1.627646e-08,4.934799e-03,6.152434e-01,11.772966,0.615250,0.004935,0.620185
5.951583e+03,3.809183e-08,1.481145e-02,4.205355e-05,6.417846e-09,6.919452e-05,3.517852e-01,0.000000e+00,1.363992e-02,1.405906e-08,5.214062e-03,6.144380e-01,11.849330,0.614451,0.005214,0.619665
6.447921e+03,2.980551e-08,1.625875e-02,6.284383e-05,7.428608e-09,7.756322e-05,3.515803e-01,0.000000e+00,1.297944e-02,1.083410e-08,5.506959e-03,6.135341e-01,11.944607,0.613553,0.005507,0.619060
6.985651e+03,0.000000e+00,1.784446e-02,1.120762e-04,0.000000e+00,8.693988e-05,3.513496e-01,0.000000e+00,1.229993e-02,0.000000e+00,5.800264e-03,6.125068e-01,12.031560,0.612541,0.005800,0.618341
7.568226e+03,0.000000e+00,1.958089e-02,1.782900e-04,0.000000e+00,9.743446e-05,3.510878e-01,0.000000e+00,1.160384e-02,0.000000e+00,6.104994e-03,6.113467e-01,12.131853,0.611401,0.006105,0.617506
8.199385e+03,0.000000e+00,2.148179e-02,2.689896e-04,0.000000e+00,1.091912e-04,3.507883e-01,0.000000e+00,1.089409e-02,0.000000e+00,6.424302e-03,6.100333e-01,12.244535,0.610115,0.006424,0.616540
8.883180e+03,0.000000e+00,2.356176e-02,3.956256e-04,0.000000e+00,1.223605e-04,3.504419e-01,0.000000e+00,1.017406e-02,0.000000e+00,6.762762e-03,6.085415e-01,12.367305,0.608662,0.006763,0.615425
9.624001e+03,0.000000e+00,2.583653e-02,5.745349e-04,0.000000e+00,1.371106e-04,3.500364e-01,0.000000e+00,9.447583e-03,0.000000e+00,7.127745e-03,6.068401e-01,12.497978,0.607015,0.007128,0.614143
1.042660e+04,0.000000e+00,2.832296e-02,8.285936e-04,0.000000e+00,1.536289e-04,3.495552e-01,0.000000e+00,8.718949e-03,0.000000e+00,7.530717e-03,6.048900e-01,12.634636,0.605142,0.007531,0.612673
1.129614e+04,0.000000e+00,3.103909e-02,1.189035e-03,6.080555e-05,1.721252e-04,3.489757e-01,0.000000e+00,7.992832e-03,0.000000e+00,7.896364e-03,6.026740e-01,12.719550,0.603036,0.007896,0.610932
1.223819e+04,0.000000e+00,3.396113e-02,1.699170e-03,2.568995e-04,1.928330e-04,3.482735e-01,0.000000e+00,7.274244e-03,0.000000e+00,8.139539e-03,6.002027e-01,12.719820,0.600720,0.008140,0.608860
1.325881e+04,0.000000e+00,3.705113e-02,2.417860e-03,5.318657e-04,2.160123e-04,3.474160e-01,0.000000e+00,6.568454e-03,0.000000e+00,8.385602e-03,5.974131e-01,12.720205,0.598149,0.008386,0.606535
1.436454e+04,0.000000e+00,4.031417e-02,3.421779e-03,9.149335e-04,2.419529e-04,3.463532e-01,0.000000e+00,5.880874e-03,0.000000e+00,8.639613e-03,5.942335e-01,12.720736,0.595276,0.008640,0.603915
1.556248e+04,0.000000e+00,4.375513e-02,4.809504e-03,1.443812e-03,2.709771e-04,3.450209e-01,0.000000e+00,5.216940e-03,0.000000e+00,8.909132e-03,5.905736e-01,12.721468,0.592038,0.008909,0.600947
1.686033e+04,0.000000e+00,4.737855e-02,6.703620e-03,2.165550e-03,3.034433e-04,3.433396e-01,0.000000e+00,4.581958e-03,0.000000e+00,9.204597e-03,5.863227e-01,12.722485,0.588364,0.009205,0.597569
1.826641e+04,0.000000e+00,5.118860e-02,9.250308e-03,3.136427e-03,3.397494e-04,3.412143e-01,0.000000e+00,3.980941e-03,0.000000e+00,9.539441e-03,5.813503e-01,12.723943,0.584167,0.009539,0.593707
1.978975e+04,0.000000e+00,5.518914e-02,1.261492e-02,4.420279e-03,3.803366e-04,3.385375e-01,0.000000e+00,3.418438e-03,0.000000e+00,9.929839e-03,5.755096e-01,12.726128,0.579351,0.009930,0.589281
2.144014e+04,0.000000e+00,5.938364e-02,1.697230e-02,6.084730e-03,4.256934e-04,3.351955e-01,0.000000e+00,2.898361e-03,0.000000e+00,1.039400e-02,5.686458e-01,12.729625,0.573814,0.010394,0.584208
2.322816e+04,0.000000e+00,6.377524e-02,2.249191e-02,8.195195e-03,4.763601e-04,3.310779e-01,0.000000e+00,2.423817e-03,0.000000e+00,1.095124e-02,5.606083e-01,12.735727,0.567458,0.010951,0.578409
2.516529e+04,0.000000e+00,6.836673e-02,2.920892e-02,1.076359e-02,5.329328e-04,3.261612e-01,0.000000e+00,1.996968e-03,0.000000e+00,1.160951e-02,5.513601e-01,12.747744,0.560255,0.011610,0.571865
2.726397e+04,1.367373e-04,7.283119e-02,3.651235e-02,1.354605e-02,5.960681e-04,3.208423e-01,0.000000e+00,1.618924e-03,0.000000e+00,1.233161e-02,5.415848e-01,12.773430,0.552704,0.012332,0.565036
2.953768e+04,2.675419e-03,7.194070e-02,4.418833e-02,1.647700e-02,6.664876e-04,3.152692e-01,0.000000e+00,1.289677e-03,0.000000e+00,1.333285e-02,5.341603e-01,12.773430,0.547617,0.013333,0.560950
3.200100e+04,5.384377e-03,7.077040e-02,5.212026e-02,1.950299e-02,7.449817e-04,3.095174e-01,0.000000e+00,1.008092e-03,0.000000e+00,1.434716e-02,5.266044e-01,12.773430,0.542477,0.014347,0.556824
3.466975e+04,8.272032e-03,6.932086e-02,6.020955e-02,2.258660e-02,8.324143e-04,3.036471e-01,0.000000e+00,7.719652e-04,0.000000e+00,1.536430e-02,5.189951e-01,12.773430,0.537331,0.015364,0.552695
3.756106e+04,1.134424e-02,6.759759e-02,6.838360e-02,2.570042e-02,9.297254e-04,2.977024e-01,0.000000e+00,5.781353e-04,0.000000e+00,1.637712e-02,5.113868e-01,12.773430,0.532212,0.016377,0.548589
4.069350e+04,1.460491e-02,6.561007e-02,7.659503e-02,2.882671e-02,1.037934e-03,2.917108e-01,0.000000e+00,4.226583e-04,0.000000e+00,1.738143e-02,5.038105e-01,12.773430,0.527136,0.017381,0.544518
4.408717e+04,1.805660e-02,6.337058e-02,8.481479e-02,3.195471e-02,1.158141e-03,2.856881e-01,0.000000e+00,3.010261e-04,0.000000e+00,1.837519e-02,4.962808e-01,12.773430,0.522110,0.018375,0.540485
4.776386e+04,2.170119e-02,6.089291e-02,9.302409e-02,3.507766e-02,1.291526e-03,2.796437e-01,0.000000e+00,2.084143e-04,0.000000e+00,1.935755e-02,4.888030e-01,12.773430,0.517132,0.019358,0.536489
5.174717e+04,2.554047e-02,5.819113e-02,1.012087e-01,3.819052e-02,1.439348e-03,2.735836e-01,0.000000e+00,1.399376e-04,0.000000e+00,2.032814e-02,4.813781e-01,12.773430,0.512199,0.020328,0.532528
5.606268e+04,2.957625e-02,5.527870e-02,1.093561e-01,4.128901e-02,1.602880e-03,2.675132e-01,0.000000e+00,9.088969e-05,0.000000e+00,2.128673e-02,4.740063e-01,12.773430,0.507309,0.021287,0.528596
6.073808e+04,3.375949e-02,5.220654e-02,1.174548e-01,4.436560e-02,1.775839e-03,2.614512e-01,0.000000e+00,5.694619e-05,0.000000e+00,2.223431e-02,4.666953e-01,12.773430,0.502464,0.022234,0.524698
6.580338e+04,3.804925e-02,4.901773e-02,1.254940e-01,4.741359e-02,1.953023e-03,2.554141e-01,0.000000e+00,3.431478e-05,0.000000e+00,2.317160e-02,4.594523e-01,12.773430,0.497669,0.023172,0.520841
7.129111e+04,4.243878e-02,4.572741e-02,1.334639e-01,5.042902e-02,2.134138e-03,2.494086e-01,0.000000e+00,1.982221e-05,0.000000e+00,2.409848e-02,4.522799e-01,12.773430,0.492924,0.024098,0.517022
7.723650e+04,4.692218e-02,4.234806e-02,1.413551e-01,5.340824e-02,2.318869e-03,2.434407e-01,0.000000e+00,1.093823e-05,0.000000e+00,2.501472e-02,4.451811e-01,12.773430,0.488228,0.025015,0.513243
8.367771e+04,5.149436e-02,3.888959e-02,1.491594e-01,5.634794e-02,2.506879e-03,2.375164e-01,0.000000e+00,5.743927e-06,0.000000e+00,2.592002e-02,4.381596e-01,12.773430,0.483584,0.025920,0.509504
9.065609e+04,5.615090e-02,3.535971e-02,1.568689e-01,5.924514e-02,2.697817e-03,2.316410e-01,0.000000e+00,2.858524e-06,0.000000e+00,2.681403e-02,4.312196e-01,12.773430,0.478991,0.026814,0.505805
9.821643e+04,6.088788e-02,3.176439e-02,1.644770e-01,6.209717e-02,2.891321e-03,2.258194e-01,0.000000e+00,1.342147e-06,0.000000e+00,2.769634e-02,4.243652e-01,12.773430,0.474454,0.027696,0.502150
1.064073e+05,6.569847e-02,2.811070e-02,1.719773e-01,6.490145e-02,3.086547e-03,2.200571e-01,0.000000e+00,5.916657e-07,0.000000e+00,2.856660e-02,4.176013e-01,12.773430,0.469974,0.028567,0.498541
1.152812e+05,7.056927e-02,2.440999e-02,1.793644e-01,6.765524e-02,3.281663e-03,2.143608e-01,0.000000e+00,2.436053e-07,0.000000e+00,2.942464e-02,4.109338e-01,12.773430,0.465556,0.029425,0.494981
1.248952e+05,7.545730e-02,2.069556e-02,1.866334e-01,7.035716e-02,3.477091e-03,2.087415e-01,0.000000e+00,9.314434e-08,0.000000e+00,3.026864e-02,4.043692e-01,12.773430,0.461205,0.030269,0.491474
1.353109e+05,8.030291e-02,1.701308e-02,1.937803e-01,7.300617e-02,3.673376e-03,2.032128e-01,0.000000e+00,3.287054e-08,0.000000e+00,3.109628e-02,3.979150e-01,12.773430,0.456927,0.031096,0.488024
1.465953e+05,8.510444e-02,1.336398e-02,2.008014e-01,7.560144e-02,3.870965e-03,1.977767e-01,0.000000e+00,1.063490e-08,0.000000e+00,3.190702e-02,3.915740e-01,12.773430,0.452725,0.031907,0.484632
1.588208e+05,8.986055e-02,9.749350e-03,2.076937e-01,7.814233e-02,4.070229e-03,1.924351e-01,0.000000e+00,3.131744e-09,0.000000e+00,3.270045e-02,3.853483e-01,12.773430,0.448598,0.032700,0.481298
1.720658e+05,9.456985e-02,6.170282e-03,2.144547e-01,8.062842e-02,4.271463e-03,1.871893e-01,0.000000e+00,8.328467e-10,0.000000e+00,3.347620e-02,3.792398e-01,12.773430,0.444548,0.033476,0.478024
1.864154e+05,9.921983e-02,2.636297e-03,2.210823e-01,8.305863e-02,4.473255e-03,1.820437e-01,0.000000e+00,1.983217e-10,0.000000e+00,3.423428e-02,3.732517e-01,12.773430,0.440579,0.034234,0.474813
2.019616e+05,1.026892e-01,0.000000e+00,2.275751e-01,8.543341e-02,4.674279e-03,1.770019e-01,0.000000e+00,4.189822e-11,3.546549e-04,3.505609e-02,3.672154e-01,12.773286,0.436519,0.035056,0.471576
2.188044e+05,1.026892e-01,0.000000e+00,2.339318e-01,8.775054e-02,4.874226e-03,1.720655e-01,0.000000e+00,7.775881e-12,1.804271e-03,3.610920e-02,3.607752e-01,12.773286,0.432015,0.036109,0.468124
2.370518e+05,1.026892e-01,0.000000e+00,2.401518e-01,9.001079e-02,5.072809e-03,1.672355e-01,0.000000e+00,1.253969e-12,3.228555e-03,3.713884e-02,3.544725e-01,12.773286,0.427607,0.037139,0.464745
2.568209e+05,1.026892e-01,0.000000e+00,2.462346e-01,9.221429e-02,5.269758e-03,1.625128e-01,0.000000e+00,1.736817e-13,4.626481e-03,3.814482e-02,3.483081e-01,12.773286,0.423295,0.038145,0.461439
2.782388e+05,1.026892e-01,0.000000e+00,2.521802e-01,9.436133e-02,5.464823e-03,1.578976e-01,0.000000e+00,2.039241e-14,5.997172e-03,3.912701e-02,3.422827e-01,12.773286,0.419080,0.039127,0.458207
3.014427e+05,1.026892e-01,0.000000e+00,2.579888e-01,9.645230e-02,5.657776e-03,1.533902e-01,0.000000e+00,2.005080e-15,7.339898e-03,4.008539e-02,3.363965e-01,12.773286,0.414962,0.040085,0.455048
3.265818e+05,1.026892e-01,0.000000e+00,2.636610e-01,9.848772e-02,5.848408e-03,1.489904e-01,0.000000e+00,1.620996e-16,8.654065e-03,4.101996e-02,3.306493e-01,12.773286,0.410943,0.041020,0.451963
3.538174e+05,1.026892e-01,0.000000e+00,2.691976e-01,1.004682e-01,6.036530e-03,1.446979e-01,0.000000e+00,1.066290e-17,9.939208e-03,4.193082e-02,3.250407e-01,12.773286,0.407020,0.041931,0.448951
3.833243e+05,1.026892e-01,0.000000e+00,2.745995e-01,1.023944e-01,6.221974e-03,1.405120e-01,0.000000e+00,5.564461e-19,1.119498e-02,4.281810e-02,3.195699e-01,12.773286,0.403194,0.042818,0.446013
4.152920e+05,1.026892e-01,0.000000e+00,2.798680e-01,1.042671e-01,6.404591e-03,1.364320e-01,0.000000e+00,2.255328e-20,1.242115e-02,4.368198e-02,3.142360e-01,12.773286,0.399465,0.043682,0.443147
4.499257e+05,1.026892e-01,0.000000e+00,2.850045e-01,1.060872e-01,6.584249e-03,1.324569e-01,0.000000e+00,8.472004e-22,1.361759e-02,4.452270e-02,3.090377e-01,12.773286,0.395831,0.044523,0.440354
4.874476e+05,1.026892e-01,0.000000e+00,2.900105e-01,1.078555e-01,6.760836e-03,1.285855e-01,0.000000e+00,6.795504e-23,1.478426e-02,4.534052e-02,3.039737e-01,12.773286,0.392291,0.045341,0.437632
5.280988e+05,1.026892e-01,0.000000e+00,2.948879e-01,1.095729e-01,6.934257e-03,1.248166e-01,0.000000e+00,2.049965e-24,1.592121e-02,4.613575e-02,2.990422e-01,12.773286,0.388845,0.046136,0.434981
5.721401e+05,1.026892e-01,0.000000e+00,2.996384e-01,1.112405e-01,7.104430e-03,1.211487e-01,0.000000e+00,7.136448e-26,1.702857e-02,4.690871e-02,2.942415e-01,12.773286,0.385491,0.046909,0.432400
6.198542e+05,1.026892e-01,0.000000e+00,3.042640e-01,1.128592e-01,7.271292e-03,1.175803e-01,0.000000e+00,3.931843e-27,1.810653e-02,4.765977e-02,2.895696e-01,12.773286,0.382228,0.047660,0.429888
6.715475e+05,1.026892e-01,0.000000e+00,3.087669e-01,1.144301e-01,7.434791e-03,1.141098e-01,0.000000e+00,2.604796e-29,1.915536e-02,4.838932e-02,2.850245e-01,12.773286,0.379054,0.048389,0.427443
7.275518e+05,1.026892e-01,0.000000e+00,3.131491e-01,1.159543e-01,7.594889e-03,1.107355e-01,0.000000e+00,2.967193e-29,2.017538e-02,4.909774e-02,2.806040e-01,12.773286,0.375968,0.049098,0.425066
7.882266e+05,1.026892e-01,0.000000e+00,3.174129e-01,1.174327e-01,7.751560e-03,1.074555e-01,0.000000e+00,4.235300e-30,2.116694e-02,4.978546e-02,2.763058e-01,12.773286,0.372968,0.049785,0.422754
8.539615e+05,1.026892e-01,0.000000e+00,3.215606e-01,1.188665e-01,7.904790e-03,1.042680e-01,0.000000e+00,0.000000e+00,2.213046e-02,5.045290e-02,2.721275e-01,12.773286,0.370053,0.050453,0.420506
9.251784e+05,1.026892e-01,0.000000e+00,3.255945e-01,1.202568e-01,8.054574e-03,1.011712e-01,0.000000e+00,0.000000e+00,2.306637e-02,5.110051e-02,2.680668e-01,12.773286,0.367221,0.051101,0.418322
1.002335e+06,1.026892e-01,0.000000e+00,3.295171e-01,1.216046e-01,8.200915e-03,9.816310e-02,0.000000e+00,0.000000e+00,2.397516e-02,5.172874e-02,2.641212e-01,12.773286,0.364470,0.051729,0.416199
1.085925e+06,1.026892e-01,0.000000e+00,3.333307e-01,1.229110e-01,8.343826e-03,9.524173e-02,0.000000e+00,0.000000e+00,2.485732e-02,5.233802e-02,2.602882e-01,12.773286,0.361798,0.052338,0.414136
1.176487e+06,1.026892e-01,0.000000e+00,3.370377e-01,1.241772e-01,8.483327e-03,9.240512e-02,0.000000e+00,0.000000e+00,2.571338e-02,5.292883e-02,2.565652e-01,12.773286,0.359204,0.052929,0.412133
1.274601e+06,1.026892e-01,0.000000e+00,3.406407e-01,1.254041e-01,8.619443e-03,8.965129e-02,0.000000e+00,0.000000e+00,2.654389e-02,5.350161e-02,2.529497e-01,12.773286,0.356686,0.053502,0.410188
1.380897e+06,1.026892e-01,0.000000e+00,3.441420e-01,1.265929e-01,8.752208e-03,8.697824e-02,0.000000e+00,0.000000e+00,2.734939e-02,5.405683e-02,2.494392e-01,12.773286,0.354242,0.054057,0.408299
1.496059e+06,1.026892e-01,0.000000e+00,3.475441e-01,1.277446e-01,8.881658e-03,8.438397e-02,0.000000e+00,0.000000e+00,2.813046e-02,5.459495e-02,2.460311e-01,12.773286,0.351870,0.054595,0.406465
1.620824e+06,1.026892e-01,0.000000e+00,3.508494e-01,1.288602e-01,9.007835e-03,8.186650e-02,0.000000e+00,0.000000e+00,2.888766e-02,5.511641e-02,2.427228e-01,12.773286,0.349568,0.055116,0.404684
1.755994e+06,1.026892e-01,0.000000e+00,3.540603e-01,1.299408e-01,9.130785e-03,7.942385e-02,0.000000e+00,0.000000e+00,2.962159e-02,5.562166e-02,2.395118e-01,12.773286,0.347335,0.055622,0.402956
1.902437e+06,1.026892e-01,0.000000e+00,3.571793e-01,1.309873e-01,9.250556e-03,7.705407e-02,0.000000e+00,0.000000e+00,3.033281e-02,5.611116e-02,2.363956e-01,12.773286,0.345168,0.056111,0.401280
2.061092e+06,1.026892e-01,0.000000e+00,3.602087e-01,1.320008e-01,9.367202e-03,7.475520e-02,0.000000e+00,0.000000e+00,3.102191e-02,5.658534e-02,2.333716e-01,12.773286,0.343067,0.056585,0.399652
2.232979e+06,1.026892e-01,0.000000e+00,3.631509e-01,1.329822e-01,9.480774e-03,7.252533e-02,0.000000e+00,0.000000e+00,3.168948e-02,5.704464e-02,2.304375e-01,12.773286,0.341029,0.057045,0.398073
2.419200e+06,1.026892e-01,0.000000e+00,3.660081e-01,1.339325e-01,9.591332e-03,7.036257e-02,0.000000e+00,0.000000e+00,3.233608e-02,5.748948e-02,2.275908e-01,12.773286,0.339052,0.057489,0.396542
