# Isothermal calorimetry of a CEM III-A 42.5 N Hranice paste — blastfurnace, 36-65 % slag
#
# Source dataset: Šmilauer V., Reiterman P. (2025), Isothermal calorimetry
#   database of 65 cements and approximations. Zenodo.
#   doi: 10.5281/zenodo.15212785
#   license: CC-BY-4.0  <https://creativecommons.org/licenses/by/4.0/>
#   source file: 184-CEM III-A 42.5 N Hranice-408.csv
#
# Companion article, to be cited (CC BY-NC-ND 3.0 — cite, do not reproduce):
#   Šmilauer V., Edelmannová J., Reiterman P., Isothermal calorimetry database
#   of 65 cements with analytical approximations, Ceramics-Silikáty 70(1),
#   25-33 (2026). doi: 10.13168/cs.2025.0048
#
# cement: CEM III/A 42.5 N, Hranice
# blaine: 408 m2/kg
# wb: 0.40
# temperature: 20C
# Truncated from line: 410 with assigned time: 0.75 h normalized with binder mass: 17.929 g
# Released heat up to 45 minutes (J/g of binder): 15.7
# reference fit by the depositors: Fitted affinity hydration model, B1 0.714654 h^-1, B2 2.878e-03, eta 6.6898, DoHInf 0.85, Qpot 380.0 J/g, Ea 48000.0 J/mol
#
# Subset of the source record: 499 of 9738 rows, chosen as
#   the rows nearest to 500 log-spaced times. Values are verbatim; no
#   interpolation, no smoothing. Regenerate with data/experimental/regenerate.jl
#
# The fourth column is NOT a measurement: it is the depositors' own
#   affinity-model fit, read off their tabulated curve at the row nearest
#   in time. It is carried so that a fit can be judged against somebody
#   else's on the very same record.
#
# columns: hydration time (h), heat flow (W/g of binder), heat (J/g of
#   binder), depositors' fitted heat (J/g of binder)
time_h,heat_flow_W_per_g,heat_J_per_g,reference_fit_J_per_g
0.7509338050418428,0.0009084727365226107,0.0,0.0
0.7598774899376757,0.0008805936480257119,0.028795888636979836,0.0088
0.7693072859446204,0.0008527833871662862,0.05821162879109459,0.0088
0.7794350528717038,0.0008243779866358681,0.08878067658626017,0.0179
0.7907713158925374,0.0007944575686533093,0.12181345874228366,0.0272
0.7965273380279534,0.0007802728125866182,0.13812898801939616,0.0272
0.811040141847398,0.0007462181589908026,0.17800400696638832,0.0368
0.8207775550418424,0.0007250171332095367,0.20379085366991506,0.0368
0.8310911401112868,0.0007038843971449631,0.23030870489261393,0.0466
0.8422635576460094,0.0006820835583423312,0.25818053888101283,0.0568
0.8482775550418431,0.000671088958045972,0.27282889566242435,0.0568
0.86107716984219,0.0006488011254814607,0.3032265618922517,0.0672
0.86893019232485,0.0006357313645633357,0.32138399443550414,0.0672
0.8813711916738081,0.0006163684006295264,0.3494128174595584,0.0779
0.8950265193647802,0.0005966089968425598,0.379221620640846,0.0889
0.9023021812571415,0.0005866088040920057,0.3947172674371677,0.0889
0.9125840280453366,0.0005732233532048597,0.41617747715757764,0.0889
0.9240437177154748,0.0005589079456717655,0.4395304491893356,0.1003
0.9369346139828361,0.0005440578203486748,0.4651227218700811,0.1119
0.9507936634620027,0.0005290564697935469,0.49188651638886016,0.1119
0.963281456430753,0.0005165560730694973,0.5153847795262063,0.124
0.9713020184967247,0.0005088156747337919,0.5301880834653165,0.124
0.9874540909793641,0.0004946103664545911,0.5593598873795637,0.1363
0.9955856013960309,0.0004878449024835931,0.5737398088354677,0.1491
1.0084200740522808,0.0004776968673095556,0.5960458038326469,0.1491
1.0214837676286699,0.000468119422407771,0.6182857877246362,0.1622
1.0396107674307293,0.00045570041680354694,0.6484141334474769,0.1757
1.0489111689064234,0.00044984816419117284,0.6635736710936697,0.1757
1.0582115703821176,0.0004439959115787987,0.6785372668640663,0.1896
1.07377851916684,0.0004353034464843217,0.7031751123463932,0.1896
1.0908423212501734,0.0004258196721573657,0.7296243743849854,0.2039
1.0996187698178819,0.0004213604501586814,0.7430077933729505,0.2039
1.117004769709375,0.00041344581192544823,0.7691328882205729,0.2187
1.1256143210331597,0.00040952648117061763,0.7818866481724069,0.2339
1.1470787578821176,0.00040060241544475554,0.8131766950386143,0.2496
1.1585095575782987,0.00039611089127083955,0.8295694214424408,0.2496
1.17127838353316,0.0003911467568426634,0.8476636620451514,0.2658
1.1840472094880203,0.0003868220878795557,0.8655444098429627,0.2658
1.201848384075694,0.0003807930146101477,0.8901404206629602,0.2825
1.2174318801694444,0.00037614109727166184,0.9113721245256808,0.2825
1.2281057082944447,0.00037298017478532605,0.925764909590573,0.2997
1.2485873434940968,0.0003670745147591179,0.9530453951627319,0.3174
1.2583951505687496,0.0003646563009127139,0.9659634095699696,0.3174
1.279301590455903,0.0003595016071030464,0.9932146243608986,0.3358
1.2914151700999996,0.00035662687879572366,1.0088294073697124,0.3358
1.3152226787805557,0.000351539618055261,1.0391768314076182,0.3547
1.3269166078170134,0.0003490408237930324,1.0539233997559656,0.3742
1.3391420852475697,0.00034646882888625966,1.0692286873667822,0.3742
1.3513675626781252,0.00034429739062318985,1.0844295916543074,0.3742
1.3814871923791037,0.0003389476677372161,1.1214719503294173,0.4152
1.3935303442345726,0.00033689405412710733,1.1361226264054298,0.4152
1.4085424495405618,0.0003345483084509422,1.1542662006224929,0.4152
1.4235545548465511,0.0003322025627747771,1.172283002347554,0.4367
1.4503651288482873,0.00032824069842902635,1.2041501196354638,0.459
1.4643879559967248,0.00032640366123027346,1.2206740560940272,0.459
1.4822620317671031,0.00032406209759721033,1.2416017097608016,0.482
1.4977465152740477,0.00032209818468704424,1.2596115345817733,0.482
1.5257201480865472,0.00031890102115292914,1.2918874721328615,0.5057
1.5392973168690993,0.0003173492588480809,1.307436731523997,0.5303
1.564278480741713,0.00031468636547021827,1.3358531537883456,0.5557
1.5784185801612,0.00031336369385308527,1.351838396290989,0.5557
1.591294895807902,0.00031215923717043537,1.3663363715583854,0.5557
1.617854276233249,0.0003096748601080768,1.3960643225903155,0.582
1.6406667084164086,0.00030754097436432796,1.4214086724496087,0.6092
1.6556200504302971,0.0003064565897618914,1.4379350404793416,0.6092
1.6707466644710962,0.00030536931418153213,1.454593778235749,0.6374
1.69799123234219,0.0003034110204573858,1.4844485010979318,0.6666
1.7101091861724846,0.00030254000231359865,1.4976656968291773,0.6666
1.746934342914157,0.00030013119947744496,1.5376108099586436,0.6968
1.7677825789981414,0.00029882073037194537,1.5600875741842681,0.6968
1.7908678256140815,0.00029756541048292696,1.5848694722362024,0.7281
1.8115856922997366,0.0002965203213272219,1.6070242124208889,0.7606
1.8275414011213513,0.0002957154537936065,1.624033387267717,0.7606
1.8482592678070064,0.00029467036463790144,1.6460501496905748,0.7942
1.871608775456746,0.00029367032683605117,1.6707775875477784,0.7942
1.8949582831064857,0.000292803110799473,1.69542654638097,0.8291
1.9236353312598329,0.00029173802641254017,1.7255997921919641,0.8652
1.9469898743099634,0.0002908706233578871,1.7500915980183596,0.8652
1.968818156984117,0.0002900599066151639,1.7729168864984952,0.9028
1.9906464396582706,0.0002893354296747219,1.7956818558236147,0.9028
2.026441532770792,0.00028819405809731355,1.832892755045663,0.9417
2.0532988325754795,0.00028725434511334743,1.8607117375625464,0.9822
2.087244823243883,0.00028604365106166306,1.8957418407336146,1.0242
2.1211908139122855,0.0002849224141991966,1.93062945643559,1.0242
2.1411908902062304,0.00028468000014054154,1.951135221574808,1.0678
2.1789119307200115,0.00028480014322522696,1.989787848354674,1.1132
2.196632894939846,0.00028518618006124797,2.007969121388032,1.1132
2.238970761828952,0.0002873239911272823,2.051594584639871,1.1603
2.2629469988081183,0.0002892105577239354,2.076476216785751,1.1603
2.2869232357872855,0.00029116698954222343,2.101523702084905,1.2093
2.3197224606408007,0.00029435090858124624,2.1360918618382616,1.2603
2.3392332045237216,0.0002964607585850769,2.156840777056284,1.2603
2.3660532347361247,0.0002994030948391827,2.1856067328486555,1.3134
2.392873264948527,0.0003023454310932885,2.214656777411055,1.3134
2.429821621312035,0.0003064679309662194,2.2551471529194873,1.3686
2.47346777677536,0.0003113453833413254,2.3036844696539296,1.4262
2.500724345048268,0.0003143647807001109,2.334382950903376,1.4262
2.5394179479943375,0.00031854306554106397,2.3784640237304107,1.4861
2.5598333854807747,0.00032074760340976266,2.401956541368141,1.4861
2.580248822967211,0.0003229521412784614,2.4256110827840325,1.5486
2.623167658381992,0.0003274438432032407,2.475862698006939,1.6137
2.638207309246063,0.00032897433596264084,2.4936328384308104,1.6137
2.696456592082977,0.0003350416044667708,2.5632540526109366,1.6816
2.7264307114813064,0.0003381637206836123,2.5995757788431044,1.6816
2.7613009150160677,0.00034179581497447944,2.6422543681699433,1.7524
2.7850669971439572,0.0003442712995562352,2.6716035974704693,1.8263
2.8286623747481237,0.00034888440162535807,2.725993857185149,1.8263
2.85056338250637,0.0003512408223744801,2.753594063517765,1.9035
2.8965090972185132,0.0003561843134081368,2.8120997397617264,1.9035
2.917345367868741,0.00035860898688996456,2.838907473797339,1.9841
2.9608648181623876,0.00036356149874292135,2.895484070770991,1.9841
3.0108659371402524,0.00036911518506907854,2.961426448042255,2.0683
3.036638828913371,0.00037218350369409956,2.9958159607240766,2.1564
3.0732482995589567,0.0003766439110570634,3.0451614761901737,2.1564
3.1298702071110407,0.0003835425842390756,3.122639253216375,2.2484
3.1592692757315106,0.0003871999191725863,3.163425654360097,2.3447
3.1816829915179143,0.0003901276194187121,3.194786691701371,2.3447
3.230036394397417,0.00039644358553786896,3.263246801561398,2.4455
3.269970476428667,0.0004017719264617872,3.320620931731094,2.4455
3.3080252747403245,0.00040692582420131726,3.37601562536493,2.551
3.3524366499980287,0.0004131419050829752,3.4415666278052366,2.6615
3.3813872606886752,0.0004174288963408564,3.484848585266708,2.6615
3.43681016921997,0.00042549268493088504,3.568947088180941,2.7772
3.4826074467102677,0.0004320520894493553,3.639631931895107,2.7772
3.5250129100349215,0.00043854371313740927,3.70608436497405,2.8985
3.5621511411004585,0.00044425081154847977,3.7650981336481655,2.8985
3.597685359782642,0.0004497410852389401,3.8222792800571455,3.0257
3.649051572415563,0.00045791545170515037,3.9061894616096735,3.1591
3.7102692958381445,0.0004681674219468836,4.008236295015789,3.1591
3.747005169060494,0.00047438024825857336,4.070561856109428,3.2991
3.7995188760095173,0.00048341211378986594,4.1610968654629525,3.446
3.8416148789061433,0.0004906522318401174,4.234904453390204,3.446
3.8803463818629575,0.0004975696446640866,4.303800026747464,3.6003
3.9472546237707133,0.0005097670830657043,4.42511700029054,3.6003
3.989197788172297,0.0005177416340288962,4.502691844315557,3.7624
4.028028614719708,0.000525012396286267,4.575575645904563,3.7624
4.086029747260942,0.000536446897538724,4.686387233822247,3.9328
4.149471837613317,0.0005491291790424444,4.810352816333691,4.1118
4.180616920722856,0.0005556162624618897,4.872286115796658,4.1118
4.240942215455903,0.0005681811741643106,4.994314256649152,4.3001
4.292030211355951,0.0005789557720494148,5.099795026994046,4.3001
4.342949494057231,0.0005899943804687485,5.206932875035532,4.4981
4.412487985624208,0.0006052425173489289,5.356536136007146,4.7065
4.445476328333219,0.0006126495273266043,5.428853368281349,4.7065
4.495219946768548,0.000623919206984948,5.539570060190336,4.9258
4.565069404509333,0.0006400298372267096,5.698474728668587,4.9258
4.626095880203777,0.0006543370172484474,5.8406578939603655,5.1567
4.6803912293248695,0.0006673145879984261,5.969812916795716,5.3999
4.749838299552599,0.0006842750340168663,6.138768007714216,5.3999
4.787409517831272,0.0006936483372705456,6.23195447527128,5.6561
4.8590341147449285,0.0007116663911140533,6.413125704407054,5.6561
4.932511608137024,0.0007302817413416975,6.603837026280726,5.926
4.964987613691224,0.0007387182632573633,6.6897100804359875,6.2104
5.032709245681763,0.0007564062878203986,6.871957846259653,6.2104
5.0857432162099405,0.0007705010366944628,7.017717767470481,6.5102
5.154447414676349,0.0007888822184118626,7.210554942054956,6.5102
5.233539712097909,0.0008104053765340837,7.438232872129722,6.8262
5.312248992323876,0.000832013859804911,7.6709254167884655,7.1594
5.35035310473707,0.0008424747873253558,7.78577424334923,7.1594
5.424443197713958,0.0008633783586422467,8.013264801966981,7.5107
5.500520756443341,0.000884936370460552,8.252678331632355,7.8812
5.569917008545663,0.0009047572406978789,8.476225032355543,7.8812
5.623897401028208,0.0009203175439627833,8.653557888090306,8.2718
5.677877793510755,0.0009359074020245984,8.833917440106834,8.2718
5.774454009599155,0.0009638921656150431,9.164167081749953,8.6836
5.834367914199828,0.0009814212289326132,9.373963046841927,8.6836
5.9146679854393005,0.0010048498342607065,9.661052698273842,9.1179
5.989174791706932,0.001026748186703385,9.93352299448303,9.5757
6.076584016415807,0.001052260094226235,10.26062709808193,9.5757
6.146954527894656,0.001072824591505967,10.52980368487594,10.0583
6.21819783475664,0.0010937784127638586,10.807644417702264,10.0583
6.2781955650117665,0.0011112278934217955,11.045779209509904,10.5669
6.366931561430294,0.001136950048214938,11.404868967109026,11.1027
6.444321783714824,0.0011592876352748043,11.724747542739491,11.1027
6.5279710502756965,0.0011831220403210323,12.077441227823783,11.667
6.619812631408373,0.0012091500832481698,12.472923086585212,11.667
6.71343011730247,0.0012352190132041757,12.884832104301818,12.2611
6.791534656352467,0.0012567681090176986,13.235176014201222,12.8863
6.885576646592882,0.0012823019075492359,13.664981281189245,12.8863
6.968200936847263,0.0013043038277446867,14.049678930940253,13.544
7.040953721801439,0.0013234639432605241,14.393808832578024,13.544
7.121052292121781,0.0013440949308173888,14.77841060628419,14.2352
7.2135090546475515,0.0013674878155374049,15.229702747974386,14.9615
7.291887893080712,0.0013869267849939307,15.618308001860834,14.9615
7.384119099577268,0.0014090445433753286,16.082484457962334,15.7239
7.492925319737858,0.0014344243789787732,16.639420617191853,15.7239
7.579144437644216,0.001453978152658901,17.087704978440012,16.5236
7.690157055391205,0.0014782350514259694,17.673666141280318,17.3617
7.77923290471236,0.0014970747497569559,18.15073178585781,17.3617
7.864460068874888,0.001514439706324552,18.612731311964517,18.2394
7.972382992108662,0.0015356645101713702,19.205281743967628,18.2394
8.064929586516485,0.0015531911951426267,19.719855571931596,19.1575
8.156715087890625,0.0015698712257315598,20.23584850380693,20.1169
8.253518058988782,0.0015866983402439952,20.78588765928769,20.1169
8.36389646106296,0.0016046021509007263,21.419964521437578,21.1184
8.463277708689372,0.0016196946729393187,21.99677802569282,21.1184
8.560351476139491,0.0016335762004209677,22.56524696241722,22.1624
8.681415656937492,0.0016499301850101161,23.2808032322337,23.2496
8.786161562601723,0.001663319403388231,23.905498146727172,23.2496
8.911396805908943,0.0016782328290506534,24.658787674550776,24.3802
9.007296110192936,0.0016889796971850395,25.2400523372968,24.3802
9.133098619712722,0.0017021153629592784,26.007967549814442,25.5543
9.239047631157767,0.0017124896172085226,26.659173252179993,26.772
9.341982097625731,0.0017217360112303467,27.29547951522051,26.772
9.47565206421746,0.001732605994290637,28.126644904042298,28.0329
9.590612379180062,0.0017411546421699116,28.845489630749448,28.0329
9.704139518737794,0.0017487009994133819,29.558651742770156,29.3368
9.833613829546504,0.0017562308581635815,30.37553546109596,30.683
9.93650864859422,0.001761529782508261,31.027085572534233,30.683
10.073916374643645,0.0017676912561840094,31.900034914596667,32.0707
10.212059825062752,0.0017727802334282909,32.78045857568582,32.0707
10.328209864099819,0.0017762160712953934,33.52247755548129,33.499
10.449860892626972,0.0017789653284975768,34.30098384460182,34.9668
10.58279984984133,0.0017810918603033633,35.15291857500997,34.9668
10.696181799372038,0.0017820736452478858,35.880139901346645,36.4728
10.847112817035782,0.0017826095732067465,36.84862616817342,36.4728
10.983516332639589,0.0017823331571199664,37.723936446477374,38.0156
11.13951163854864,0.0017814870507228244,38.72468645350347,39.5936
11.264962060186598,0.0017803300444858045,39.52898307500765,39.5936
11.387102343042692,0.0017783922046442067,40.31141159717316,41.205
11.552664612465435,0.0017749275688865504,41.37037606407001,41.205
11.681392944984967,0.0017711701754752707,42.192078432831075,42.8481
11.822077267765998,0.0017662822799569525,43.08791766836514,44.521
11.970211167666648,0.0017604399334421317,44.028322722072396,44.521
12.138548314902518,0.0017527604349234292,45.092833183829256,46.2217
12.282766590184636,0.0017454462352956717,46.000964871126286,46.2217
12.42107384873761,0.0017378969381793808,46.86817426703405,47.9481
12.58823171277841,0.0017277759499448062,47.9109596348712,49.6982
12.735008841024506,0.0017183696945179232,48.8214409414966,49.6982
12.897334766454168,0.0017074961758712793,49.822432804781,51.47
13.060311621361308,0.0016961336488677534,50.82094292102573,51.47
13.225304432776241,0.001684481979172666,51.824942019236296,53.2612
13.38874662472142,0.0016729634777235978,52.81268279885113,55.0699
13.55460317194462,0.0016614363702975078,53.808140481388946,55.0699
13.715226169162328,0.001650579046038872,54.76571199502012,56.894
13.881018335554334,0.0016394213371345918,55.74756499221288,56.894
14.06345731317997,0.0016274848516616488,56.82041022913875,58.7315
14.238994296193123,0.0016156922138538025,57.84516160142435,60.5804
14.412425294253563,0.0016036898571644453,58.8502058140904,60.5804
14.600182314448887,0.001590206516720853,59.92965458541122,62.4389
14.785094318456121,0.0015766112462623609,60.983732758003725,62.4389
14.961289149456555,0.001563218142258359,61.979563435836674,64.3051
15.13747986263699,0.0015497001670237735,62.96680463430097,66.1774
15.331416660944623,0.0015346993384256111,64.04351678239082,66.1774
15.523232956992256,0.0015201649012345588,65.09827977372962,68.0539
15.719498197833698,0.0015059509011432503,66.16730335294173,68.0539
15.920096777809992,0.0014932212673800767,67.25010036943954,69.9333
16.114040263295173,0.001484091204030764,68.2892410075315,71.8139
16.324211345182526,0.0014790920152875466,69.40988424283839,71.8139
16.505525835884942,0.0014782677549714813,70.37492781729347,73.6943
16.723256073527867,0.0014787197917721553,71.53386923831798,73.6943
16.932100507418316,0.0014777764496136812,72.64542452408155,75.5734
17.147420282893712,0.0014746026427399825,73.78979812031095,77.4498
17.359240503311156,0.0014704494366629454,74.9126769653909,77.4498
17.589776827494305,0.001465425276348841,76.13098858524235,79.3225
17.789646342396736,0.0014608296162085253,77.1837733419333,79.3225
18.0081743026442,0.001456183266158576,78.33115513681345,81.1904
18.224778389864497,0.0014523238973884012,79.46514823754879,83.0525
18.46995975540744,0.0014479091201125651,80.74509780247132,83.0525
18.70141193184588,0.0014435965041697102,81.94973802515541,84.9081
18.902350801693068,0.0014397502194828011,82.9926583565796,84.9081
19.167844361861547,0.0014353906628819806,84.36659369412828,86.7562
19.386553116507002,0.0014323481511800526,85.49552459476507,88.5962
19.61808170477549,0.0014296191399564854,86.68821757346609,88.5962
19.878623691134983,0.0014273048238860788,88.02802390633414,90.4274
20.158260593944128,0.0014252430354505924,89.46380175591753,90.4274
20.37721238500542,0.0014242293705597157,90.58672280315707,92.2492
20.64390830675761,0.0014237439741221253,91.95383412122044,94.0612
20.893104802038934,0.0014237066674028795,93.23103503181082,94.0612
21.17217318011655,0.0014240487301067444,94.66152961640468,95.8628
21.41698334462113,0.0014238396842658416,95.91649166914641,95.8628
21.641927648650277,0.0014231265945525264,97.06927190754553,97.6537
21.92261795931392,0.0014206930429535298,98.50627136033351,99.4335
22.23157080418534,0.0014159719285183853,100.08397055517277,99.4335
22.50011303689745,0.0014093160154293348,101.44991519697153,101.2019
22.7845711149772,0.0013984160006202833,102.88787617852611,101.2019
23.05412999358442,0.0013842239629033937,104.23830870022131,102.9587
23.359788250062202,0.00136376764024404,105.75065365716337,104.7036
23.651674259768594,0.0013393889063285076,107.17133452655628,104.7036
23.922804737024837,0.0013129685450197735,108.46608751983797,106.4364
24.238322402040165,0.0012774274252372042,109.93771351758421,106.4364
24.51997929427359,0.001241985764343155,111.21528031746004,108.157
24.825077839692433,0.001200306805624342,112.55677067740906,109.8654
25.14772533549203,0.0011531853604662067,113.92372920997272,109.8654
25.44507392399841,0.0011087268138784104,115.1342994041809,111.5613
25.79598375466135,0.0010570644081143797,116.50215138988321,111.5613
26.086095394028558,0.0010159318734711145,117.58451835491387,113.2447
26.42014784316222,0.0009710141395052609,118.77901915359224,114.9157
26.74085072775682,0.0009307974702154391,119.876620860347,114.9157
27.090878633525637,0.0008904252354452962,121.02371365041661,116.5742
27.4472839445538,0.0008534375770193815,122.1419258287717,116.5742
27.780511961513096,0.0008231231941053823,123.14720783675942,118.2202
28.104672477973832,0.0007962911018171232,124.09181375313362,119.8536
28.438388638496402,0.0007713286819812516,125.03321707455765,119.8536
28.800332677033214,0.0007473793376662626,126.02229277167348,121.4747
29.199020386868053,0.0007234199120018306,127.07770334775867,121.4747
29.523742066489323,0.0007050224588715335,127.91259334592895,123.0834
29.92046584884326,0.0006840705793791067,128.9042846921639,124.6798
30.252483712765905,0.0006678308320711975,129.71204567377782,124.6798
30.65255389538076,0.0006493098217633979,130.660483940162,126.2639
31.00496126605405,0.0006344627452976757,131.47466296494017,126.2639
31.403173060946994,0.0006186655743887613,132.37270818092838,127.8359
31.822347674303582,0.0006033424218872418,133.2945491184837,129.3959
32.19857514493995,0.0005904534150607642,134.1028651862532,129.3959
32.59095835665862,0.0005773803855863727,134.92760029221745,130.9439
33.02359978324837,0.0005622684497379227,135.81481151007154,130.9439
33.42337586171097,0.000550036654752009,136.61499601778723,132.4801
33.822012940578986,0.0005392470987836432,137.39652030936398,134.0046
34.259992793533534,0.0005279359690658331,138.23770709227784,134.0046
34.70273758570353,0.0005169319107771215,139.07040475442895,135.5175
35.115467844009395,0.0005069270966915735,139.8308816174111,135.5175
35.571972258157196,0.0004965808442646544,140.65538264839057,137.019
35.985473011599645,0.0004872261944907344,141.38764055123835,138.5091
36.43956734822856,0.0004771537062831762,142.1759442476865,138.5091
36.88961831947167,0.00046752689227422294,142.9411312478514,139.9881
37.32042385790083,0.00045956595486669265,143.6600027517784,139.9881
37.814001243710514,0.0004505355350303757,144.4685670254054,141.456
38.29649881747034,0.0004419614500673136,145.2436731505278,142.913
38.758988140225405,0.0004340742105290971,145.97294417594776,142.913
39.24783687002129,0.00042622234561668867,146.72980433334624,144.3592
39.719005191855956,0.00041860480416823763,147.44627008837418,144.3592
40.22100974447197,0.0004105619493508296,148.19531752640702,145.7948
40.743121388157206,0.00040248950680451043,148.95933300710078,147.2199
41.24028924683729,0.00039528994934690773,149.67296644508863,147.2199
41.763258734212975,0.0003878331246124252,150.4104048856151,148.6347
42.268001418113705,0.00038077082593657293,151.10856113782867,148.6347
42.850558554132775,0.00037265137384764516,151.8987675314094,150.0392
43.31641510162088,0.00036634318621158184,152.5182945324837,151.4337
43.86173433197869,0.0003595719416425052,153.23085411171567,151.4337
44.40765454490979,0.0003532063212045191,153.93122030717916,152.8183
44.955684976047934,0.0003476984152709695,154.6226356607765,152.8183
45.52960831430223,0.0003428719553472366,155.33572348010577,154.1931
46.08173678086863,0.00033696470193967943,156.0116819573628,155.5582
46.66153005050288,0.0003307222692391579,156.70818595696474,155.5582
47.25310499701235,0.0003247415289680428,157.40600070461315,156.9139
47.82476398342185,0.00032261974047371724,158.07025827324668,156.9139
48.41554171323776,0.00031628144315938697,158.7512593868057,158.2601
49.02082202851772,0.0003104134627501906,159.43365581664682,159.5971
49.65091370668676,0.00030526009279343154,160.13174898418418,159.5971
50.25301093737284,0.00030121733694412397,160.78908788907967,160.9251
50.86444732401106,0.00029684249154606407,161.44737983184908,160.9251
51.52054738892449,0.0002919545734116032,162.14257514100694,162.244
52.14982923911677,0.0002878224484595451,162.79928979537345,163.5541
52.797960127592084,0.0002837685837995913,163.4664006648956,163.5541
53.46971254792478,0.0002791967158212562,164.14712787904003,164.8555
54.1252527828349,0.0002756578954825317,164.80188124196138,164.8555
54.79057241996129,0.0002724703500474471,165.45830492370493,166.1484
55.49405243926578,0.0002693246871997043,166.14423180584822,167.4327
56.16234610888693,0.0002665790030617348,166.78895925053905,167.4327
56.90184455739127,0.00026322222804192624,167.4944654091958,168.7087
57.5725409968694,0.00025904279376068675,168.12491145052186,168.7087
58.29825153781308,0.00025542138476879547,168.79669041099476,169.9765
59.01339165475633,0.00025203570311636576,169.4498444439792,171.2362
59.784841709468104,0.0002480295178267927,170.14444200174313,171.2362
60.493426065511166,0.0002440715939237354,170.77193484204935,172.4878
61.25658323797915,0.00024092471463227206,171.43772364899385,172.4878
62.004497401449406,0.00023737420849462057,172.0816706488874,173.7316
62.78927785535654,0.00023415028469123562,172.74772155928414,174.9677
63.55660935825771,0.0002308585788244351,173.38991749697226,174.9677
64.34096708012952,0.00022682997661638271,174.03632540475184,176.1961
65.1491721331411,0.0002224745884593291,174.69015774758262,176.1961
65.95155342612001,0.00022072141420474844,175.32951070287106,177.4169
66.78121757805347,0.0002171652637828293,175.9840187877406,178.6303
67.62944736162822,0.00021321460646254697,176.64129557958958,178.6303
68.45118892146482,0.00020987647854712587,177.2669508567784,179.8363
69.32182616260317,0.00020656155099015914,177.91976752777433,179.8363
70.18997325016393,0.00020275491634776013,178.56005671214547,181.0351
71.05451247261631,0.00020013621950180487,179.1871379710024,182.2267
71.94451629426744,0.00019817581498344643,179.82570099991946,182.2267
72.82168114496602,0.00019558940897536212,180.44756884279204,183.4113
73.71559292561479,0.00019459040849252083,181.0753102258044,183.4113
74.63176652007633,0.00019280382348725353,181.7139567653877,184.589
75.55870843046242,0.00019092777656570646,182.35392734770443,184.589
76.5163717227512,0.0001890164318830323,183.00840281337625,185.7597
77.47692943751812,0.00018652783756741164,183.65806294495263,186.9237
78.44388275676305,0.00018478039299612615,184.30377725503203,186.9237
79.41551949130165,0.00018298974975114297,184.9468674042657,188.081
80.38778860602115,0.00018189541665606618,185.58585075023913,188.081
81.39829773247243,0.00017972669934656986,186.2440359723247,189.2317
82.4340907112095,0.00017665372452954154,186.9077517468877,190.3759
83.42908669663801,0.00017521064416785133,187.53740423866475,190.3759
84.47506642023723,0.00017273278284364745,188.19326910581898,191.5136
85.54100251542198,0.0001709733310175521,188.8533157242519,192.645
86.58774013638497,0.00016893961929150559,189.49393992133494,192.645
87.6724279910326,0.00016676513519783967,190.14946548541633,193.7701
88.75769080910418,0.00016442610327376054,190.7960859786741,193.7701
89.86656358506944,0.00016168804848818826,191.447046211667,194.889
90.9949536535475,0.00015956996023100387,192.09940420184947,194.889
92.10753864083026,0.00015732411375531455,192.73384625259126,196.0018
93.24213652167056,0.00015498021894683076,193.3718472986481,197.1085
94.41610482268864,0.0001530896450790597,194.0228554868538,197.1085
95.64324576073223,0.00015017186605174678,194.69186616677052,198.2092
96.77667629606195,0.00014821096280248126,195.30107323798174,198.2092
98.01170548902618,0.00014772730237719528,195.95837448308984,199.304
99.21352139896817,0.0001470214545370437,196.59614378380695,200.393
100.4336558943987,0.00014667737693652806,197.24123558900666,200.393
101.68613289071455,0.00014583606703559305,197.90088307940886,201.4761
102.96998482154476,0.00014460080683786187,198.57231534806303,201.4761
104.22529236634573,0.00014360632150217187,199.22337639734263,202.5536
105.54983507090145,0.0001431959646236508,199.9074754835996,203.6254
106.84064892345005,0.00014306498525739936,200.57280019046442,203.6254
108.14691459225284,0.00014183287175125362,201.2433609904891,204.6915
109.49239165451792,0.00014000765505883483,201.92582057450542,204.6915
110.85953492535485,0.00013894706871849001,202.6123752243522,205.7522
112.2527110862732,0.00013691961761168323,203.3047739904154,206.8073
113.65032122400072,0.00013517560354849598,203.98915886933636,206.8073
115.06748495260875,0.00013354795907245646,204.67561953832302,207.857
116.50064590877957,0.00013008423499650867,205.35550155344544,207.857
117.91915242877272,0.00012775296593098124,206.01372311477692,208.9014
119.39901371578375,0.00012536327736815627,206.6868600897152,209.9404
120.89756328125794,0.00012473715670180768,207.36267850711715,209.9404
122.40054814232721,0.0001243153903899102,208.03656263240356,210.9742
123.94661717262534,0.00012392148843769451,208.72752203989128,210.9742
125.47596197446188,0.00012281286645730987,209.40678376772942,212.0027
127.03208626164331,0.000122303183968438,210.09316316122633,213.0261
128.6083741527796,0.00012243819572534475,210.78782011066787,213.0261
130.2230932816532,0.00012078769952919671,211.49462871257705,214.0443
131.82229996999106,0.00011859063827471725,212.1840856098855,214.0443
133.4750257055627,0.00011750448779628349,212.8863724224247,215.0574
135.12627103275724,0.00011574848976210337,213.57923357965706,216.0656
136.81652344048024,0.00011283071024627644,214.27636963935763,216.0656
138.5117676913076,0.00011196870226603133,214.95625015321258,217.0687
140.2613496626748,0.00010926042944729207,215.65444768219683,217.0687
141.95579968459077,0.00010711949973594897,216.31462620529217,218.0668
143.75379103706942,0.00010351324996442866,216.9916186326741,219.0601
145.5221395698521,0.00010391915094533583,217.64924303425815,219.0601
147.36555967648823,0.00010408452329550337,218.3406160808035,220.0485
149.1657385115491,0.00010330301266535166,219.01366564218543,220.0485
151.06443256808652,0.0001027950620987771,219.71715466644682,221.032
152.88584173712465,0.00010197539131547797,220.39055952022986,222.0108
154.83553638087378,9.967154076236063e-5,221.09668821934451,222.0108
156.74305243538487,9.858539293354068e-5,221.77824230198667,222.9847
158.6968423009581,9.69400931230006e-5,222.46687256364683,222.9847
160.6707391273313,9.421019857134758e-5,223.14662044019826,223.954
162.65906856483883,9.24481828359484e-5,223.80924474375558,224.9186
164.68459690676795,9.016550640502179e-5,224.47513831336417,224.9186
166.72774356358582,8.874761093595043e-5,225.13186139822696,225.8785
168.81125997205575,8.923820793890314e-5,225.79822791163525,225.8785
170.8974174197515,8.84117351938564e-5,226.46790674690564,226.8337
173.051367240217,8.383420374209857e-5,227.13364376382313,227.7844
175.16851444403332,8.44153068320022e-5,227.7721592427763,227.7844
177.37969567967787,8.506891975079859e-5,228.44892042784068,228.7305
179.58877316666974,8.34072333879704e-5,229.11707313930776,228.7305
181.79306983053684,8.214368845589361e-5,229.77248408285107,229.672
184.05434828102588,8.05049957817946e-5,230.43678831150405,230.609
186.3631503995922,7.770989156027031e-5,231.09466415587207,230.609
188.69625328520934,7.44727563301336e-5,231.7333081381441,231.5416
191.01386378533311,7.299989130019123e-5,232.34862181381612,231.5416
193.39714424497552,7.230773995912007e-5,232.9698018575008,232.4696
195.76070544110405,7.215500083537981e-5,233.584680053987,233.3932
198.2295880852143,7.179495513765878e-5,234.22453289046865,233.3932
200.71374902076192,7.269745321893361e-5,234.86895067365464,234.3124
203.26520040326648,7.124427385648961e-5,235.53026458024704,234.3124
205.73730841265785,6.983073788944308e-5,236.15689627242043,235.2272
208.30047589931223,6.787292076696557e-5,236.7950227673612,236.1376
210.90337831795216,6.564770171687519e-5,237.41475125572023,236.1376
213.5045126300388,6.310162403482522e-5,238.01220161031938,237.0437
216.17998867783282,6.138464680484535e-5,238.6126810315577,237.0437
218.84769898904696,6.149823045192038e-5,239.2011551696315,237.9454
221.5895449007882,6.074585806832083e-5,239.80564226131852,238.8428
224.32885573811,6.023242350831184e-5,240.4083306470215,238.8428
227.1255619127883,6.104759267617862e-5,241.01841500698475,239.7358
229.96609744608404,6.009620141862015e-5,241.6395921579261,239.7358
232.8202862734927,5.796729437348335e-5,242.24860565072908,240.6246
235.7073489563995,5.551117336014863e-5,242.8359932231951,241.5091
238.6489170810249,5.340154788031681e-5,243.41091407051672,241.5091
241.60950776636602,5.25229553884645e-5,243.97578639942307,242.3894
244.60667706535924,5.257536016788234e-5,244.54063331357372,242.3894
247.66565578924286,5.292364388979392e-5,245.11822193904652,243.2654
250.7190974795156,5.2998731836162624e-5,245.70195721877124,244.1372
253.82948275970088,5.183066934556927e-5,246.28940994381466,244.1372
257.0287168066369,5.048471415060161e-5,246.8814311574216,245.0047
260.2272569792138,4.843183998841543e-5,247.454416767623,245.0047
263.4389874915944,4.6177369906280244e-5,248.00004394189432,245.868
266.72897259056566,4.6192398771404875e-5,248.54198897064433,246.7272
270.0627626517746,4.6051178663349675e-5,249.09679654692366,246.7272
273.3994275955359,4.6997955336394774e-5,249.6555329470554,247.5821
276.81004621002404,4.607255467116575e-5,250.23011773602198,247.5821
280.2472567087412,4.449876180623992e-5,250.78983511890397,248.4329
283.75615430156387,4.4082228590605336e-5,251.34952394322806,249.2795
287.2640535416868,4.1042638469376575e-5,251.88322587629997,249.2795
290.83196053451957,4.090455502398444e-5,252.40446241559545,250.1219
294.4244243949652,4.13589184053428e-5,252.93878602139253,250.1219
298.13719583902093,4.246930587766567e-5,253.49917420897228,250.9601
301.7986359541946,4.0983528433239e-5,254.0528913771002,251.7942
305.58504467056855,3.859547730600678e-5,254.60167683086834,251.7942
309.34893502069843,3.756625851417269e-5,255.1139566190703,252.6242
313.2603072395589,3.580751487342357e-5,255.63258294899632,252.6242
317.1016494483418,3.6204652329058244e-5,256.1317262806771,253.45
321.0457332664728,3.833182773764126e-5,256.6632662283018,254.2717
325.1211085220178,3.660927505435967e-5,257.21004424341027,254.2717
329.10882429129543,3.514615483821698e-5,257.7297001918724,255.0892
333.19063725822497,3.2547604316306766e-5,258.2184060367966,255.0892
337.3552626895904,3.170047275253261e-5,258.70160827002576,255.9026
341.5562723109457,3.2683668940352775e-5,259.1942989479848,256.7118
345.8077181718747,3.3146884181919586e-5,259.7083870976915,256.7118
350.11863816996413,3.287172584708135e-5,260.2257498934974,257.5169
354.4562983528111,2.9942771545096125e-5,260.7289438720746,257.5169
358.86583336724175,2.8071975081386856e-5,261.1890257316977,258.3179
