# Isothermal calorimetry of a CEM V-A (S-V) 32.5 R Prachovice paste — composite, slag + fly ash
#
# Source dataset: Šmilauer V., Reiterman P. (2025), Isothermal calorimetry
#   database of 65 cements and approximations. Zenodo.
#   doi: 10.5281/zenodo.15212785
#   license: CC-BY-4.0  <https://creativecommons.org/licenses/by/4.0/>
#   source file: 200-CEM V-A (S-V) 32.5 R Prachovice-444.csv
#
# Companion article, to be cited (CC BY-NC-ND 3.0 — cite, do not reproduce):
#   Šmilauer V., Edelmannová J., Reiterman P., Isothermal calorimetry database
#   of 65 cements with analytical approximations, Ceramics-Silikáty 70(1),
#   25-33 (2026). doi: 10.13168/cs.2025.0048
#
# cement: CEM V-A (S-V) 32.5 R Prachovice
# blaine: 444 m2/kg
# wb: 0.40
# temperature: 20C
# Truncated from line: 392 with assigned time: 0.75 h normalized with binder mass: 17.971 g
# Released heat up to 45 minutes (J/g of binder): 7.2
# reference fit by the depositors: Fitted affinity hydration model, B1 1.056049 h^-1, B2 2.455e-04, eta 8.4577, DoHInf 0.85, Qpot 420.0 J/g, Ea 45000.0 J/mol
#
# Subset of the source record: 499 of 18746 rows, chosen as
#   the rows nearest to 500 log-spaced times. Values are verbatim; no
#   interpolation, no smoothing. Regenerate with data/experimental/regenerate.jl
#
# The fourth column is NOT a measurement: it is the depositors' own
#   affinity-model fit, read off their tabulated curve at the row nearest
#   in time. It is carried so that a fit can be judged against somebody
#   else's on the very same record.
#
# columns: hydration time (h), heat flow (W/g of binder), heat (J/g of
#   binder), depositors' fitted heat (J/g of binder)
time_h,heat_flow_W_per_g,heat_J_per_g,reference_fit_J_per_g
0.7504063946008692,0.0010202814385098578,0.0,0.0
0.7627895461850684,0.000988056197364237,0.044755747185288366,0.0013
0.7683816550175351,0.0009741768895973089,0.06450718494380905,0.0013
0.7783306567536457,0.0009505161502421692,0.09897153733103375,0.0027
0.788579104344052,0.0009275355378417225,0.13361580819672542,0.0027
0.8026913791232637,0.0008977691539377576,0.17997620975011766,0.0041
0.8110446506076379,0.0008813244142144743,0.20672646257770075,0.0056
0.8193979220920156,0.0008651664498070403,0.2329865047755835,0.0056
0.8352898519568974,0.0008368203981561332,0.2816681821361715,0.0071
0.8457305257850223,0.0008193445334729151,0.31279284227826315,0.0071
0.8592154975732171,0.0007980558191072626,0.3520470890969175,0.0087
0.8651657471391907,0.0007891487537249912,0.36904676307400897,0.0103
0.8760403131114103,0.0007732423164486157,0.39962934765462627,0.0103
0.8907541260454401,0.0007534166328395049,0.4400609574409515,0.0119
0.8989548096391893,0.0007428302580470518,0.46214740263547627,0.0119
0.9117881972259951,0.0007271003144122239,0.4960980803732557,0.0137
0.9281526720523843,0.0007082814491704274,0.5383735875247063,0.0155
0.9369075576464354,0.0006987528522422848,0.5605467513290995,0.0155
0.9494916505283797,0.0006858236564068604,0.5919076583132937,0.0173
0.9628811362054606,0.0006727468583944314,0.6246462316691609,0.0173
0.9727555699480916,0.0006633744682771161,0.648394426391363,0.0193
0.9909116300609391,0.0006474795864191661,0.6912334901917119,0.0213
1.0006237475739574,0.0006395616904951708,0.713733303217607,0.0213
1.0105296177996514,0.0006316618009544968,0.7363999380990842,0.0233
1.0300116327736113,0.000616996812104915,0.7801758967909811,0.0255
1.0395877775218736,0.0006101173743157119,0.8013277383202392,0.0255
1.0557371373309046,0.0005991795860894381,0.8364790324711538,0.0277
1.0639996698829854,0.0005938477936513461,0.8542224020802914,0.0277
1.0818765280644094,0.0005828178156724352,0.8920808320599742,0.03
1.0899970521529525,0.0005780981650728169,0.9090498751955239,0.03
1.1031240527497417,0.000570468749093959,0.9361889046174191,0.0324
1.1286933073070315,0.0005569595603509614,0.9880771641440393,0.0349
1.1411355612675358,0.0005507965175052116,1.012886532548601,0.0349
1.1504386415084191,0.0005462789440374127,1.0312576584368642,0.0375
1.172864549424915,0.0005360932467326337,1.0749464172119283,0.0402
1.1831887817382807,0.0005316179262726392,1.094788353960557,0.0402
1.2055555555555557,0.0005223495610357151,1.1372182939157887,0.043
1.2175980970594615,0.0005175689064903383,1.1597601642663378,0.043
1.2277768283420123,0.0005136970985407603,1.1786547274492118,0.0459
1.2480288357204863,0.0005063235774031416,1.2158360235921486,0.0459
1.2597449408637154,0.0005021518767599091,1.2371037516117607,0.0489
1.2829289415147578,0.0004945598254913553,1.2786977281687715,0.052
1.2943968370225711,0.0004908044403898707,1.2990378261576379,0.052
1.3078347778320314,0.00048672902733668075,1.3226826925390744,0.0553
1.3400000055631018,0.0004772423678062225,1.378494139550891,0.0587
1.3520291871494727,0.0004739830613963959,1.3990905737023043,0.0587
1.3640583687358436,0.000470806861615493,1.4195476628830943,0.0587
1.3780005277527714,0.00046716978683028487,1.4430870181393272,0.0623
1.4059485257996442,0.00046015414799572787,1.489732380260032,0.066
1.4219167595439473,0.00045645728960288785,1.5160783784989293,0.066
1.4413957397143058,0.00045198332840036624,1.54793027271019,0.0698
1.4578744520081415,0.0004484114646491682,1.5746374968521457,0.0738
1.4743531643019772,0.0004448396008979701,1.60113282601971,0.0738
1.4904092929098347,0.00044149120267752203,1.626748700488075,0.078
1.5228215209643032,0.00043512322646769604,1.677891931928144,0.0824
1.5391776204109178,0.0004321306468870472,1.7034247350046372,0.0824
1.56781975640191,0.0004268901632624171,1.7477122785587451,0.087
1.584079149034288,0.00042413865567791426,1.7726192596342607,0.087
1.600338541666666,0.00042143877323692897,1.7973666953863063,0.0918
1.6216456405321757,0.0004179007159800564,1.8295576964475573,0.0918
1.6398351852099111,0.00041508706173863495,1.8568306995654362,0.0968
1.6741604330804627,0.0004097831842851999,1.907795675745896,0.102
1.7155575935045881,0.00040395368963083256,1.9684302527896442,0.1075
1.7363648173544135,0.0004010493423495103,1.9985800337048099,0.1132
1.75741833501392,0.00039836028908627207,2.0288747263315132,0.1132
1.7784718526734231,0.0003956712358230339,2.0589656084488976,0.1193
1.8008172451125262,0.0003929693492592692,2.09068607850962,0.1193
1.8259528470039363,0.00038995944484768446,2.1261089741700094,0.1256
1.8379019708103606,0.00038852857716387476,2.1428530237323113,0.1256
1.8654421395725684,0.0003854045906236856,2.1812186738250827,0.1322
1.8961810761027884,0.0003820800669192104,2.223679623757599,0.1391
1.9251156135400151,0.0003789919587352305,2.263320881997507,0.1391
1.940385202434328,0.00037731773489947846,2.284108250574961,0.1464
1.9621139242913976,0.0003752276804657577,2.3135415806024726,0.1464
1.9941297459602367,0.0003721942650125265,2.3566130409973747,0.1541
2.016438197294871,0.00037027511606761807,2.386427056696883,0.1541
2.051105555693308,0.00036729275645443297,2.4324522103006934,0.1621
2.077266012032826,0.0003651438541182102,2.466941787050924,0.1706
2.106764557361604,0.00036297376164753334,2.505602925938949,0.1706
2.1362631026903784,0.0003608887783640278,2.5440381314459484,0.1795
2.169375147488381,0.00035879842528322483,2.586932698315839,0.1889
2.190662917229865,0.00035762711212928384,2.61438468169508,0.1889
2.2119506869713454,0.00035645579897534274,2.6417469003533385,0.1988
2.2361145339409525,0.0003554027725116956,2.672709135207087,0.1988
2.26355932255586,0.0003542067672259043,2.7077642860780835,0.2092
2.2910041111707677,0.000353304244710388,2.742715768375643,0.2092
2.341624177495639,0.0003520265219073983,2.8069684918659967,0.2202
2.354325678282315,0.0003517746907049835,2.823059288846184,0.2318
2.399977611104646,0.0003511763388152374,2.8808107538129524,0.2318
2.4235383809275106,0.000351019244527689,2.9105904371305473,0.2441
2.4625148349338097,0.0003509640549411316,2.959843655793928,0.2571
2.487223856184219,0.0003510024678470989,2.9910619328656365,0.2571
2.520044210222032,0.0003511962502215019,3.0325454718230747,0.2709
2.555428119765388,0.0003514051686871307,3.077294884916128,0.2709
2.595110170642535,0.0003516394648202953,3.1275117401644725,0.2855
2.6234838057226604,0.00035189179889118493,3.163442870983689,0.3009
2.653578364650407,0.0003522224433073948,3.201584884580369,0.3009
2.6819327008061933,0.0003525339681563802,3.23755410493783,0.3173
2.7283155433999156,0.00035315417818697917,3.2964665633847527,0.3173
2.7707300368944807,0.0003538738955518956,3.350445391126083,0.3347
2.7965336812204775,0.0003543117489687219,3.3833381780044594,0.3347
2.826128519044982,0.0003549449949479346,3.4211207869663283,0.3532
2.87962185608016,0.0003560896013415587,3.4895848909117024,0.3728
2.902208932903079,0.00035664461861922993,3.5185623395567425,0.3728
2.9439361006683775,0.00035771681505107795,3.572217106259875,0.3937
2.9859339014689112,0.0003589860583066637,3.626397006375082,0.3937
3.03836792839898,0.00036058110482405553,3.6943101871647914,0.416
3.0658935801188143,0.00036145852094423165,3.7300844874450627,0.4397
3.103346359729766,0.0003626571181213898,3.778900507149971,0.4397
3.148193988005321,0.0003642728156749165,3.8375824573658583,0.4651
3.1939618113305848,0.00036594224759571266,3.8977384572313993,0.4921
3.2200886517100855,0.00036695689451589304,3.9322054672518005,0.4921
3.266466712090704,0.00036893508914862547,3.993630722243604,0.5211
3.3177240977684654,0.0003711616742192099,4.06190837745796,0.5211
3.361305335561436,0.0003731744289093578,4.120298737132971,0.552
3.412099962433178,0.00037553053295548883,4.188752611060955,0.5851
3.4479342990451407,0.0003773347411497151,4.237313780841293,0.5851
3.4890615590413425,0.00037941746413601576,4.293334996253098,0.6206
3.535102032621701,0.00038180399599312506,4.356419589996078,0.6206
3.5806650734610024,0.00038448335041339754,4.41926470150931,0.6587
3.6312783538632907,0.00038744703311339963,4.489581262816864,0.6587
3.688332941333453,0.0003910761276511813,4.569532348340551,0.6997
3.7289447699652776,0.00039375542863756975,4.626904548744475,0.7437
3.7851463487413213,0.00039780984595373957,4.706980520044608,0.7437
3.82173878053824,0.0004004627227743468,4.759559842192369,0.791
3.8752587918440504,0.00040456011186554714,4.837112538372821,0.791
3.9305402783552807,0.00040894312677844114,4.918060274031606,0.842
3.970436959399116,0.00041231591933493626,4.977037614939644,0.8969
4.037366153531604,0.0004180870604470786,5.0770728638321,0.8969
4.074913948906794,0.000421475044609916,5.133813871344323,0.9563
4.134711683723662,0.0004271178911044663,5.225152954951492,0.9563
4.184531977574032,0.00043200830147643263,5.302196239106991,1.0204
4.259665449592802,0.0004397647682924185,5.420082036540081,1.0897
4.304284981224271,0.00044452071832063453,5.491100622214261,1.0897
4.354859353436364,0.00045015749622637056,5.572546642472854,1.1647
4.420974501768747,0.00045777833366964806,5.680583224473966,1.2461
4.486568362183043,0.0004656701316600403,5.789613813996303,1.2461
4.517753581206005,0.00046953238894805913,5.8421099057810855,1.3343
4.585574318766593,0.00047824811347241497,5.957803134289439,1.3343
4.641967217326165,0.00048580409649007537,6.055653452309354,1.4301
4.718783309923278,0.0004964701798136161,6.1914603843585185,1.5343
4.777343120243813,0.0005048123259198094,6.2970032288619535,1.5343
4.83616996255186,0.0005137068141882639,6.404854833903085,1.6477
4.893642444676825,0.0005225204894946171,6.512043783262437,1.6477
4.953215033279527,0.0005320288994978732,6.625122180742522,1.7711
5.042301570110851,0.0005467684840089767,6.798084175094921,1.9057
5.101332465277778,0.00055699005598992,6.915352602124765,1.9057
5.163969766034022,0.0005682004004994448,7.0422065154824915,2.0526
5.235190568698776,0.0005813740886666408,7.189570737711098,2.0526
5.315526789824169,0.0005970084779663323,7.359963407998385,2.2131
5.380848485297626,0.000610123214687943,7.501887195447923,2.3885
5.432320966323218,0.0006207977715016957,7.615932598238089,2.3885
5.513090382284588,0.0006380060325182072,7.798931740205968,2.5805
5.593875837524731,0.0006557612324693791,7.987061156173179,2.5805
5.650606270035109,0.000668572958412713,8.12229524875982,2.7907
5.734067892697123,0.0006878985633571507,8.326069259168253,2.7907
5.811216618418694,0.0007061860548625631,8.519662312156347,3.021
5.897095422943433,0.0007272562541461467,8.741225494163057,3.2735
5.953398842480446,0.0007413789567270199,8.890064379828814,3.2735
6.042554626464845,0.0007643355624486079,9.131674749381148,3.5505
6.107794511583116,0.0007814781938995568,9.313194756790773,3.5505
6.1904752647876755,0.0008035308991292806,9.549070732710627,3.8545
6.270352579752604,0.0008252518339030155,9.783245805097499,4.1883
6.366237449645997,0.000851813068891209,10.072682888613015,4.1883
6.441322976483239,0.0008729634222652902,10.30578412766317,4.5548
6.529205463462407,0.0008980421683798125,10.585919995230597,4.5548
6.6292091517978236,0.0009269755736154876,10.914433274397028,4.9574
6.687156658172608,0.000943891163385287,11.109571078390267,5.3994
6.799241513212522,0.0009768010466996303,11.497069836838822,5.3994
6.883567655417654,0.0010017101178562103,11.797382221709022,5.8846
6.969527585837575,0.0010272371725938922,12.111312740547621,5.8846
7.052277863886623,0.001051815125558974,12.420989962624404,6.417
7.145791260600092,0.0010795288733388589,12.779752441707886,7.0008
7.254365912543403,0.0011116849284068021,13.207984958306042,7.0008
7.352563841144246,0.0011405677968123254,13.606078984532987,7.6404
7.4367697750197514,0.0011651185471411199,13.955565133126814,7.6404
7.545186115039719,0.001196299401491568,14.416409208596072,8.3403
7.6472176659769495,0.001225136321109751,14.861142286028155,9.1051
7.743302226596409,0.0012518306327196772,15.28956767582458,9.1051
7.839110243055554,0.0012778940194770518,15.725847168329619,9.9395
7.94318975031376,0.0013055004250792255,16.20985561322151,9.9395
8.043070280949276,0.001331361503620098,16.683941525942128,10.8479
8.137099947002199,0.0013550057211779007,17.138634169981795,11.8348
8.25413824001948,0.0013835951850519074,17.715603812457314,11.8348
8.360048043992784,0.0014084095631282211,18.247889636133255,12.9043
8.4770019586881,0.0014347827101450833,18.84646466303781,12.9043
8.59470021420055,0.0014601271814858366,19.459828102150173,14.0598
8.704570397933324,0.001482624620737818,20.041846115892294,15.3045
8.802857888936998,0.0015017671903924618,20.569857002111075,15.3045
8.918843314515222,0.001523347319186171,21.20147062019153,16.6408
9.035816443363824,0.0015436999601415656,21.847283999339425,16.6408
9.162681741317112,0.0015643139044793004,22.557072966159797,18.0701
9.292499033610028,0.0015839315358002009,23.2927970797767,19.5931
9.410155262417263,0.0016004219192637759,23.96721992991272,19.5931
9.519684980180529,0.0016143673037171482,24.601070638087766,21.2095
9.66069640060266,0.0016306600029389897,25.424797069704308,21.2095
9.798467512196964,0.001645051922223066,26.237193853086403,22.9178
9.920697394543225,0.0016564253096468626,26.96359821411567,24.7154
10.034662523534564,0.00166594932475365,27.64517036273221,24.7154
10.159922194149758,0.0016754474630909988,28.39858233089591,26.5991
10.300760158101717,0.001684741680650103,29.250495366572032,26.5991
10.42905889213085,0.0016919758508952846,30.030350386060853,28.5642
10.585767914652823,0.0016990880279996567,30.986984504541102,30.6054
10.713057313561439,0.0017037131951200216,31.766665471312123,30.6054
10.84016032119592,0.0017072695940901696,32.54707487235019,32.7168
10.989781776070593,0.0017104751609726034,33.46756543947107,32.7168
11.132321455279985,0.0017124635965434288,34.34582917505025,34.8918
11.283718215160903,0.0017138580128137446,35.2795866077853,37.1233
11.451358049246998,0.001714363037790142,36.3141081381555,37.1233
11.598930835790107,0.0017139155497028773,37.224777002267714,39.4041
11.719561979571978,0.0017131019800221744,37.96892707333725,39.4041
11.901268489162128,0.0017120375764993854,39.08917519909623,41.7269
12.0576016935375,0.0017118783470461453,40.05262933767723,44.0844
12.211550634834502,0.0017123773680975563,41.00148844825181,44.0844
12.380002229478627,0.0017145329741062275,42.04050074443621,46.4696
12.53993350028992,0.0017186670880079222,43.02872752762967,46.4696
12.704005045559668,0.0017254356818408943,44.04573443130439,48.8758
12.86612644897567,0.0017346711045811908,45.055353322899144,51.2965
13.029713335699505,0.001745802816271388,46.0801154260852,51.2965
13.198136157592138,0.0017582684650708175,47.14236081745943,53.7259
13.373466856214733,0.00177148909642408,48.256388212426906,53.7259
13.550869615342883,0.001784104888382311,49.391830861874325,56.1585
13.727943047417533,0.0017964885108362838,50.533048647985304,58.5894
13.911237424347135,0.001809618197318223,51.722783416837544,58.5894
14.084564909670085,0.00182175758907582,52.85575227139847,61.0142
14.275410461425778,0.0018349920273274818,54.111940160278685,61.0142
14.467059297826552,0.0018478925332920857,55.38241610501399,63.429
14.641256306966149,0.0018593647637893235,56.5448347718236,65.8303
14.84063744233714,0.001872395081127225,57.88411369271625,65.8303
15.060894648234047,0.0018870657954034031,59.374554376176064,68.2153
15.24952483481831,0.001900107820943168,60.66039902425678,68.2153
15.437471536927752,0.0019135260211319788,61.950521186673214,70.5813
15.65100728352865,0.0019296238843546,63.42762209101687,72.9263
15.859889893068207,0.0019467354292090249,64.88495576955938,72.9263
16.06147411154376,0.0019649803068872342,66.30424781185903,75.2484
16.27303441643715,0.001985632849149749,67.80858295862377,75.2484
16.48122503068712,0.002007630748812682,69.30491074149816,77.5463
16.703998141818573,0.002032541668602363,70.92490086080171,79.8187
16.921027835673755,0.0020582591793886986,72.52298104579538,79.8187
17.140047920478715,0.002084755851891827,74.15633798289564,82.0648
17.364240142173237,0.002111358180429478,75.84974760262912,82.0648
17.59484906031026,0.0021373430901710693,77.61355875447485,84.284
17.80637867616283,0.0021575398250502503,79.2491462118564,86.4757
18.062019868625534,0.002174017750685694,81.24317893295691,86.4757
18.295101205243007,0.002178037266566945,83.06990753888233,88.6397
18.52344874401887,0.0021681551926506877,84.85736084518548,88.6397
18.765522294772992,0.0021394536910813743,86.73572862089684,90.7757
19.018169491224818,0.002088237904328048,88.65990960514985,92.8839
19.263458930320212,0.002019557996914698,90.47490951920079,92.8839
19.52407666862011,0.001930605965069929,92.32903885674554,94.9643
19.77526694622305,0.0018359208649832628,94.03236103404606,94.9643
20.048226277099715,0.0017324055212085661,95.78529936639227,97.0171
20.294560957153635,0.001644838995704405,97.28219693333592,99.0426
20.576607627868654,0.0015559835853737678,98.90605623317532,99.0426
20.833435737424423,0.0014861874753515887,100.31161654860207,101.0411
21.10304842273394,0.0014238603014470786,101.72299774601728,101.0411
21.38578599717882,0.0013670453150466024,103.14277407872743,103.0129
21.66308955093225,0.0013172765890138202,104.48220951863345,104.9586
21.958847692343923,0.0012706762584261955,105.85935709899036,104.9586
22.24692330472999,0.0012307269935151143,107.15595697934819,106.8785
22.539002670778167,0.0011949742763744996,108.43082991228408,106.8785
22.82484875910812,0.0011634541339845194,109.64400052180183,108.7732
23.134980743394955,0.0011330084759442359,110.9256733406188,110.6432
23.438049522042277,0.0011060334990641912,112.14694313339561,110.6432
23.726850851045718,0.0010824728906283743,113.28446288276756,112.4889
24.049608292712108,0.001057774413837478,114.52764065551015,112.4889
24.362498748170005,0.0010350905531567492,115.70625141647491,114.311
24.68264387680425,0.0010134058222523714,116.88662433153786,116.11
25.009973946942225,0.000992406669993353,118.06841204227551,116.11
25.344476025038297,0.000971427618140957,119.25088451507231,117.8863
25.665016376905974,0.0009516566371429697,120.36035742017314,117.8863
25.997193973528013,0.0009319178634778044,121.48647534743534,119.6406
26.362365533510847,0.0009113454815590435,122.69803369075518,121.3733
26.683736061652503,0.000893799729982512,123.74212210013187,121.3733
27.05909925672743,0.0008742597141403973,124.93657802595253,123.0851
27.402440053092107,0.0008569241812378549,126.00645119084088,123.0851
27.744037920832632,0.0008401285525740358,127.04986962361892,124.7764
28.114189590944186,0.0008223865424123733,128.15744660946564,126.4478
28.496830190221466,0.0008045260909016502,129.27791708172182,126.4478
28.867709697352517,0.0007873272438525006,130.34052169197773,128.0998
29.274087225662335,0.0007692935395760213,131.47889894310407,128.0998
29.623962947063973,0.0007546062980975472,132.43855000452052,129.7328
30.014561023778384,0.000739068947010251,133.4887304105273,131.3473
30.40113871369097,0.0007239667103789085,134.50668599331186,131.3473
30.878002186483805,0.0007060638534502297,135.734090914228,132.9439
31.19947017490864,0.000694177494209704,136.54422529280046,132.9439
31.620498594972823,0.000679418742519168,137.58515875434063,134.523
32.04189676596059,0.0006650080203695962,138.6048874257103,136.0851
32.44425332519743,0.0006514594223666077,139.55814177934334,136.0851
32.887700906594596,0.0006370895324802644,140.586579017087,137.6305
33.32057207961877,0.0006235430095646866,141.568758297815,137.6305
33.74255914184782,0.0006107863182134844,142.50625585325255,139.1598
34.18998911877473,0.000597738947295159,143.4794462788695,140.6733
34.63471354444822,0.0005854212615764445,144.42644062902315,140.6733
35.07238951643308,0.0005735213659045824,145.33946032819026,142.1715
35.56231503294574,0.000560578987147822,146.33950621268102,142.1715
36.01945684644911,0.0005489311294998452,147.25247091893456,143.6547
36.4896366751194,0.0005374239142476175,148.17179741928476,145.1234
36.97179742031627,0.0005246618814958048,149.09390814148222,145.1234
37.468130586412215,0.0005126324280714333,150.0200735664731,146.5779
37.955609338084855,0.0005030822873369665,150.9112680544053,146.5779
38.437393189801114,0.0004918328123128086,151.77402576576878,148.0185
38.93484911680222,0.00048139789057185584,152.64564302113666,149.4457
39.46068549897936,0.00047075688223980526,153.54668317305297,149.4457
39.982000371615094,0.0004609899444095341,154.42101510962283,150.8597
40.494366081953046,0.0004516321568228782,155.26264941555655,150.8597
41.03086101015409,0.0004415946142195985,156.12519181496788,152.2609
41.58281153361003,0.0004326255895389034,156.99359839212542,153.6496
42.10229227244854,0.00042435006307186586,157.79495626190987,153.6496
42.68257920437389,0.0004151954903168259,158.6718501871776,155.0261
43.243848400182195,0.00040640414315761664,159.5020889892736,155.0261
43.787542452481055,0.0003982852086144652,160.28959780263386,156.3907
44.384925218356976,0.00038977342162736247,161.13668095525287,157.7437
44.972623638643164,0.00038174183897342844,161.95307176233987,157.7437
45.54479926771588,0.00037402928326184107,162.73179188419542,159.0855
46.14687286595504,0.00036795857319000413,163.5355094641047,159.0855
46.74376124613814,0.00036044981174810677,164.31860679110844,160.4161
47.35060265772872,0.0003529285674073465,165.0977503352757,161.736
47.9911564267344,0.00034568755154681957,165.90303036568005,161.736
48.589073759317394,0.00033928774908674925,166.64012499875773,163.0454
49.2647902632422,0.0003318490701563573,167.4561474853947,163.0454
49.887035692201714,0.0003251457555194915,168.19222111619325,164.3445
50.560144721137156,0.0003188239250644317,168.9724979709419,165.6335
51.21184815307458,0.00031318575163974757,169.71398754228554,165.6335
51.88668749199973,0.00030730893841154927,170.4677867733528,166.9128
52.56145833333333,0.0003014127054828727,171.20716272311319,166.9128
53.25024643646346,0.000295761531584872,171.9472438276238,168.1825
53.949437049494854,0.00029038745036800214,172.684732284278,169.4428
54.67860842605432,0.0002853777634407852,173.4406699619329,169.4428
55.37545498655901,0.000280916231852747,174.15091146928728,170.6939
56.09561784492599,0.00027654911251540716,174.87374244500936,170.6939
56.84682089805603,0.00027166376749483847,175.6150221578371,171.9361
57.60176616039541,0.0002671556790181447,176.34705752124404,173.1696
58.33858778489961,0.000262957014307635,177.04987803994277,173.1696
59.09506896509064,0.0002597558120822627,177.761555792833,174.3945
59.89291685163975,0.0002551475394936278,178.5015837357868,174.3945
60.67305836002031,0.00025072449125784844,179.2117349686338,175.611
61.46420247673988,0.00024678030023102146,179.92018863589914,176.8193
62.27791875534587,0.00024265379879903908,180.63669936145354,176.8193
63.08719061109755,0.0002368957793014509,181.33618215766964,178.0196
63.91524267666869,0.00023362596795341298,182.03719857257752,178.0196
64.75300019972855,0.00023032485151509654,182.7366452972648,179.2121
65.60211445146138,0.00022661005652315562,183.43497336798248,180.3968
66.48218732833863,0.00022304440364091145,184.14700460839487,180.3968
67.34202766127058,0.00021931698490713076,184.83194738531287,181.5741
68.20966732667551,0.00021679300953083558,185.51188806233708,181.5741
69.1314282339149,0.00021439042875279646,186.229404945193,182.7439
70.02463976879915,0.00021037020737241945,186.91218948072455,183.9066
70.94839564535354,0.0002071282150775665,187.60638556519177,183.9066
71.87970344569948,0.0002045732237804701,188.29690012629467,185.0621
72.81400665620961,0.0002018879306925905,188.98046507850856,185.0621
73.7669393779172,0.00019860336318449474,189.6680510210427,186.2107
74.73102451695337,0.00019614857900741904,190.35290444858595,187.3526
75.73364122178819,0.0001937404537681858,191.0563876681901,187.3526
76.69576261195871,0.00019062177816569624,191.7225720314949,188.4877
77.70340978807874,0.00018935381600832066,192.41276523971393,188.4877
78.75792613049347,0.00018699893612427148,193.12748622160584,189.6163
79.7661349826389,0.0001845743307580105,193.8018761191214,190.7385
80.82910158475241,0.00018058132254585957,194.4987565179389,190.7385
81.89211863418421,0.00017850687728676275,195.18561545837264,191.8544
82.95602083974416,0.00017632847394542092,195.86527420942488,191.8544
84.05872243252065,0.0001712780863083837,196.55699039201627,192.9641
85.17337648789089,0.0001701899067404616,197.24276939840192,194.0677
86.26034750680128,0.0001673859342963604,197.9036397389762,194.0677
87.39511504617002,0.00016409733422057966,198.58049802903713,195.1654
88.54854548354945,0.00016162185485058155,199.2564447192471,195.1654
89.67905751082631,0.00015879285971388512,199.90865988150563,196.2572
90.88796623958481,0.0001558342841392119,200.59360975056,197.3433
92.08039487699668,0.00015289068476000123,201.25627949463285,197.3433
93.28655876013968,0.00015074496776550406,201.91483254154895,198.4237
94.50334440549216,0.00014807852411533693,202.56927738495725,198.4237
95.76578566028013,0.00014512693816897757,203.23607247257854,199.4986
96.98663981676103,0.0001423213336091253,203.86758870739217,199.4986
98.29776021877925,0.0001396190324272494,204.53290794772118,200.5681
99.5600291188558,0.00013715124954373942,205.16178314396066,201.6321
100.88772294004758,0.0001340492471436088,205.80966916442352,201.6321
102.19682346979778,0.00013227609234626992,206.4359058965987,202.6909
103.54785988582506,0.0001311604607320059,207.0763836571895,202.6909
104.90933999326495,0.00012630836289228363,207.71202374836898,203.7445
106.27440104166666,0.00012397699039161906,208.3253948554372,204.7931
107.68381270580821,0.00012217592351431784,208.95011291953887,204.7931
109.0991743856006,0.00012140298417275344,209.56808321562085,205.8365
110.5260373242696,0.00011852984291308576,210.18404997830493,205.8365
111.98245367354815,0.00011511894278600377,210.79712092041376,206.8751
113.40672682782014,0.00011277424287714261,211.38186146111116,207.9088
114.91856984257697,0.00010999758309949161,211.99076055118906,207.9088
116.45481150534417,0.00010732212547751838,212.59051190272064,208.9377
117.936169502404,0.0001057369808358527,213.16037625376143,208.9377
119.49717560516461,0.00010302618926482161,213.74699476078604,209.9619
121.06901417209042,0.00010095177938620785,214.3243638226656,210.9814
122.65639155288537,9.816625993192148e-5,214.89358602146413,210.9814
124.26804908904765,9.639551644120118e-5,215.4591051931833,211.9964
125.91021310144001,9.626371511981873e-5,216.0292055462451,211.9964
127.54511660582489,9.43505200516343e-5,216.59048592185522,213.0069
129.21722340332136,9.237299096731171e-5,217.15141225520622,214.0129
130.89631220552656,8.975724988402524e-5,217.70576419682035,214.0129
132.63409766323036,8.758879719986641e-5,218.25673987517385,215.0145
134.36683093614047,8.55449972407994e-5,218.796334485648,215.0145
136.14391991211306,8.372157720624293e-5,219.33739441740988,216.0118
137.91569344626532,8.199404376597412e-5,219.86610111007164,217.0049
139.72557381086878,7.988204170925173e-5,220.39389603985097,217.0049
141.57965918812485,7.823910349033563e-5,220.92346593714447,217.9937
143.42961378309462,7.743771850353519e-5,221.44372008912154,217.9937
145.33024407347042,7.547069152501238e-5,221.96717060983354,218.9784
147.243663099077,7.360525774344872e-5,222.4808572835666,219.9591
149.1416015487247,7.161019100390989e-5,222.97760400372727,219.9591
151.10043852090834,7.166305968734428e-5,223.4863674203634,220.9356
153.0763382416301,6.957686898505813e-5,223.99230658224135,220.9356
155.1004304462009,6.709793196453991e-5,224.49121004443631,221.9082
157.1381717491812,6.684959516962087e-5,224.98179546931073,222.8769
159.19108927746612,6.528805566315287e-5,225.4679591619112,222.8769
161.25890268590715,6.387590585334174e-5,225.94953015155377,223.8416
163.38264511108397,6.32677137505249e-5,226.4345606354616,223.8416
165.52632016321022,6.174283602159415e-5,226.91932412096298,224.8025
167.72134271840252,6.033500179691314e-5,227.40056464991613,225.7597
169.89728511399693,5.844380533440062e-5,227.86907352243514,225.7597
172.163929008113,5.7814774448425466e-5,228.34504004716769,226.713
174.41886045369836,5.706280247763681e-5,228.80959389619665,226.713
176.67295702106424,5.793826496670082e-5,229.2756295871896,227.6627
178.96044213281738,5.6115660839193325e-5,229.74302109259042,228.6086
181.365274492436,5.567209346605927e-5,230.22673334003736,228.6086
183.7191978430748,5.218823189496041e-5,230.67717840090137,229.551
186.10578702900145,5.248827848399377e-5,231.13347513802643,229.551
188.57904662662082,5.1095302848935563e-5,231.5932380657752,230.4898
191.0612640987502,4.9024510105311524e-5,232.04244424223674,231.425
193.56832982381184,4.916296243661193e-5,232.4944477807326,231.425
196.0888713878393,4.824299012190123e-5,232.93414477462872,232.3567
198.6358703388108,4.692755440919123e-5,233.3667303196461,232.3567
201.27988973259926,4.7233938931877614e-5,233.8156112308434,233.2849
203.93356611165734,4.563831154617071e-5,234.2540188278754,234.2096
206.60960993025037,4.3784765929261285e-5,234.69075981037403,234.2096
209.312427997854,4.484527727643459e-5,235.1169558804918,235.131
212.07620644801193,4.294222661216015e-5,235.5535287389965,235.131
214.82437457309828,4.216500037321832e-5,235.9772333819544,236.049
217.65676770256624,4.045366293709812e-5,236.39955238674742,236.9636
220.50710266391437,4.0884887984372275e-5,236.810723598741,236.9636
223.40063578393725,4.0053615281948645e-5,237.2313156539612,237.8749
226.3333890010251,4.0293143371302564e-5,237.66011058881793,237.8749
229.3126119042105,3.78252475610632e-5,238.06919129261402,238.7829
232.31544783340559,3.7959935759304645e-5,238.47782273317847,239.6877
235.38127896057236,3.7663717869017135e-5,238.89405639364645,239.6877
238.4385848305623,3.591834580496076e-5,239.29683570327333,240.5892
241.56628350363835,3.47794147595644e-5,239.69912504219798,240.5892
244.78047753194969,3.546055189734015e-5,240.1038184529478,241.4875
247.96519038438797,3.577143382748954e-5,240.5063819121273,242.3827
251.20395171748268,3.5085769521524105e-5,240.91354259262317,242.3827
254.5020058143139,3.340433318234453e-5,241.32191051042156,243.2747
257.8336809413301,3.2440038066110256e-5,241.7216931873221,243.2747
261.2152492641741,3.1475601003310296e-5,242.10566585921887,244.1635
264.6496257127656,3.1304269660562506e-5,242.49549830083674,245.0493
268.1227539090316,2.985508715517369e-5,242.86757318719728,245.0493
271.6685289257765,3.155931826623246e-5,243.26418412911912,245.9319
275.2360821356376,3.0214515229655526e-5,243.6622923548987,245.9319
278.83222778320317,2.9330668952336106e-5,244.0483519063836,246.8115
282.4880825691091,2.9122274569341255e-5,244.43422947140127,247.6881
286.207020433214,2.763735752351421e-5,244.81464748721905,247.6881
289.94937763637967,2.587826505696146e-5,245.1742787981,248.5616
293.712138061391,2.6887264049977587e-5,245.52021942408834,248.5616
297.58077728271485,2.6382834799962558e-5,245.88971279066442,249.4321
301.5150877577729,2.4334667002176094e-5,246.2591566805432,250.2997
305.46646274420954,2.450700177466496e-5,246.60553528269145,250.2997
309.47390215343904,2.3873868169655927e-5,246.9558598770887,251.1643
313.5217183670733,2.3117700447756812e-5,247.29544943017694,251.1643
317.6326338785887,2.5463749159265906e-5,247.66623614982217,252.0259
321.8193240626653,2.3932497760527946e-5,248.03610343388922,252.8846
326.0457543958558,2.2904580194720958e-5,248.39738826528625,252.8846
330.31369500054257,2.1460734769344467e-5,248.74577879922361,253.7404
334.62041145775055,2.1127742217649496e-5,249.07334457379517,253.7404
339.0273858812783,2.1900500860009527e-5,249.4238285010194,254.5932
343.48212067524594,2.263802978661912e-5,249.77768812569857,255.4432
348.0042772399717,2.1316267823145e-5,250.13190263016872,255.4432
352.55285315010286,2.0571177051374802e-5,250.4788641932094,256.2903
357.1572585777442,2.0566589624374556e-5,250.81817474578435,256.2903
361.8806962015894,1.961300608141196e-5,251.14830093582364,257.1346
366.6229373868969,1.9760065426713523e-5,251.48262710190855,257.976
371.41568145970507,1.953658493610199e-5,251.82819203547476,257.976
376.2985123697917,1.905161615420339e-5,252.16822490833346,258.8145
381.2323208080398,1.946390734599622e-5,252.4942495312726,258.8145
386.2464955633217,1.6171106734310983e-5,252.80637906606307,259.6502
391.293753886554,1.8410145471556054e-5,253.1208418737066,260.4832
396.44686710152365,1.7073379280917177e-5,253.45347247208554,260.4832
401.6219276122915,1.6066097961297658e-5,253.7616409229261,261.3133
406.9021041404539,1.6118895221404186e-5,254.0564265185096,261.3133
412.25603515962763,1.6571788084503127e-5,254.3600629690179,262.1406
417.6561150444879,1.616183779168862e-5,254.68392241869975,262.9651
423.12473592254855,1.538048508623724e-5,255.00237768495643,262.9651
428.6755365187592,1.4163745218027174e-5,255.30048017084093,263.7869
434.31287048339846,1.3398445684344925e-5,255.5810778432311,263.7869
440.01250721626815,1.4184173968142507e-5,255.88144070973146,264.6058
445.78350932829915,1.5033426700513364e-5,256.19661966942203,265.422
451.6227266226875,1.2598564136413865e-5,256.48738231879304,265.422
457.5561888970269,1.2910376692155125e-5,256.7613219821993,266.2355
463.5478753587935,1.3256700234651648e-5,257.0421646901251,266.2355
469.6393851413992,1.2697005953730455e-5,257.33682126243804,267.0462
475.79290540483265,1.0460729464879633e-5,257.60747936228944,267.8542
482.0479705376758,1.0184730538312802e-5,257.85500759766194,267.8542
488.37356677863335,1.226677181242182e-5,258.1086207504899,268.6594
494.7860654187203,1.2364651309888682e-5,258.4038928683936,268.6594
501.2679036153025,9.44523265240174e-6,258.66546132301346,269.4618
