# Isothermal calorimetry of a CEM III-B-32.5 N LH-SR Mokra paste — blastfurnace, 66-80 % slag
#
# Source dataset: Šmilauer V., Reiterman P. (2025), Isothermal calorimetry
#   database of 65 cements and approximations. Zenodo.
#   doi: 10.5281/zenodo.15212785
#   license: CC-BY-4.0  <https://creativecommons.org/licenses/by/4.0/>
#   source file: 121-CEM III-B-32.5 N LH-SR Mokra-495.csv
#
# Companion article, to be cited (CC BY-NC-ND 3.0 — cite, do not reproduce):
#   Šmilauer V., Edelmannová J., Reiterman P., Isothermal calorimetry database
#   of 65 cements with analytical approximations, Ceramics-Silikáty 70(1),
#   25-33 (2026). doi: 10.13168/cs.2025.0048
#
# cement: CEM III/B 32.5 N LH-SR, Mokra
# blaine: 495 m2/kg
# wb: 0.45
# temperature: 20C
# Truncated from line: 59 with assigned time: 0.75 h normalized with binder mass: 25.283 g
# Released heat up to 45 minutes (J/g of binder): 8.0 estimated
# reference fit by the depositors: Fitted affinity hydration model, B1 0.279777 h^-1, B2 1.000e-02, eta 6.9552, DoHInf 0.85, Qpot 380.0 J/g, Ea 48000.0 J/mol
#
# Subset of the source record: 493 of 11783 rows, chosen as
#   the rows nearest to 500 log-spaced times. Values are verbatim; no
#   interpolation, no smoothing. Regenerate with data/experimental/regenerate.jl
#
# The fourth column is NOT a measurement: it is the depositors' own
#   affinity-model fit, read off their tabulated curve at the row nearest
#   in time. It is carried so that a fit can be judged against somebody
#   else's on the very same record.
#
# columns: hydration time (h), heat flow (W/g of binder), heat (J/g of
#   binder), depositors' fitted heat (J/g of binder)
time_h,heat_flow_W_per_g,heat_J_per_g,reference_fit_J_per_g
1.005923122829861,0.0010994390256807017,0.02367054712492097,0.0
1.0181494140625,0.0010575001668442126,0.07113138438346557,0.0169
1.0292887369791668,0.001021253054679901,0.11280062241266521,0.0169
1.0473128255208333,0.0009665354780579368,0.17726614494450582,0.0342
1.061276312934028,0.0009271738945663414,0.2248375138901116,0.0342
1.0742656792534722,0.0008924776967252142,0.2673825318575938,0.052
1.0836159939236112,0.0008694520204312945,0.2970368069653421,0.052
1.100803493923611,0.000828868145035131,0.34955407724092874,0.0702
1.1169851345486113,0.0007935958400839448,0.39679525609159044,0.0889
1.1324107530381944,0.0007623826743954199,0.4399824623268612,0.0889
1.1470353190104168,0.000734754655311407,0.47938192608399444,0.1081
1.1623017035590277,0.0007079225631700589,0.5190122529488069,0.1277
1.1793221028645833,0.000679640060361295,0.5615180596693015,0.1277
1.1951680501302084,0.0006562272394064991,0.5996206086840898,0.1479
1.210369873046875,0.0006347064290679132,0.6349319248931736,0.1686
1.2192338993151983,0.0006227291330567306,0.6549946202292877,0.1686
1.2361853967110317,0.0006016384969095617,0.6923371220293061,0.1686
1.2539045807388094,0.0005807064093379143,0.7300474585898944,0.1898
1.2735025625096428,0.0005599875468796035,0.7702852938193818,0.2116
1.2918128769927555,0.0005421094579431827,0.8066023231029182,0.234
1.3005584010812972,0.0005337617937013576,0.8235386274082865,0.234
1.3219329128000472,0.0005157780938067298,0.8639111411894125,0.2569
1.3431313720014362,0.0004988653896192378,0.9026177911351707,0.2569
1.3541685627566444,0.0004909980713103155,0.9222833524469729,0.2805
1.377306651406818,0.00047536712944291264,0.9625182011681245,0.2805
1.3887830918365056,0.00046792322920087635,0.982004309264098,0.3046
1.4135438340240054,0.0004536879989237163,1.0230660752368548,0.3295
1.4276278658707937,0.00044592854599768885,1.0458724857602821,0.3295
1.4422837971316442,0.0004386390345498972,1.0692079767412301,0.3549
1.4709742878543006,0.0004253191853200383,1.1138103600248008,0.3811
1.483542918496662,0.00041987940725733355,1.1329317400979884,0.3811
1.5091863646772172,0.00040978259992679057,1.1712224901710564,0.408
1.5223431707753077,0.00040471033448611564,1.19051151626246,0.408
1.5503428452544743,0.00039569082727577704,1.2308475811516872,0.4356
1.5642528251806895,0.0003912831288680076,1.250551806630033,0.4356
1.5791284151871998,0.0003869892046545863,1.271390874894439,0.4639
1.609347395764457,0.00037892208809230164,1.3130422131345334,0.493
1.631468505859375,0.0003735605239108258,1.343004564402872,0.493
1.647910639444987,0.00036995368808264226,1.3650094923963878,0.5229
1.670105886856715,0.0003651149135241823,1.3943765454554493,0.5229
1.687344605525335,0.0003619096924643153,1.4169358962214893,0.5536
1.7080262325869666,0.0003580643262346937,1.4437383176893241,0.5536
1.727872729168998,0.0003547359864393801,1.4692021778338065,0.5852
1.7673695451683467,0.0003485567604146421,1.5191917782690072,0.6176
1.7870198645856645,0.000345827550067757,1.5437525505678429,0.6176
1.8045927337805432,0.0003433868744017496,1.56555320543901,0.651
1.826612005631129,0.0003406348951719727,1.5926641957717427,0.651
1.8489305277665455,0.00033790317609829965,1.6199233363058059,0.6853
1.8696583211421969,0.00033566617961411084,1.6450542278786853,0.7205
1.9139372840192583,0.0003310711246365316,1.6981946132972845,0.7567
1.9401075928741032,0.0003286811286502487,1.7292732697224353,0.7567
1.9634559645917682,0.0003265773728691556,1.7568118640387786,0.7939
1.9884755806128183,0.00032452253722733444,1.7861343495742965,0.7939
2.013495196633869,0.0003224677015855132,1.8152717547943342,0.8322
2.0405275401804186,0.0003205107266958066,1.8465579395737122,0.8716
2.0738829521338147,0.0003181307125972812,1.8849018065103476,0.8716
2.110275880363252,0.000315596017430965,1.926415515035737,0.9121
2.1466688085926906,0.0003133878311334171,1.9676185303406402,0.9538
2.1813975454701318,0.00031128062172118076,2.006667633743326,0.9967
2.216126282347573,0.0003091770705874984,2.0454535152349163,0.9967
2.2562058778603875,0.00030707727375673305,2.089912119972713,1.0408
2.296557617584864,0.00030496321910859574,2.134366537576809,1.0862
2.3369093573093416,0.0003028491644604585,2.1785138543623757,1.1329
2.373470710780886,0.00030105382313839785,2.218256973428198,1.181
2.4182513127062055,0.00029903192630811496,2.266626935348836,1.181
2.463031914631526,0.0002970100294778321,2.314670946943948,1.2306
2.508365872303645,0.0002950169903825358,2.362981017090329,1.2816
2.5400060607327353,0.0002936927499075127,2.3965094138934018,1.3341
2.5716462491618266,0.00029236850943248956,2.4298869735111164,1.3341
2.622171969546212,0.0002903157804292327,2.482879951814586,1.3882
2.6726976899305983,0.0002884444532716878,2.5355160517422206,1.444
2.725436735815472,0.00028649115091248253,2.59009485112007,1.5014
2.774454666376114,0.0002846756679472337,2.640490198957805,1.5606
2.808706686496735,0.0002834070717755243,2.675514565533896,1.5606
2.8568208702405293,0.0002817648247552977,2.7244615775916188,1.6216
2.9049350539843246,0.00028019399564807666,2.773130319486021,1.6844
2.9613670542505055,0.000278321396261351,2.829862972826839,1.7492
3.009289723899629,0.00027668902652624766,2.877738618884366,1.7492
3.0572123935487534,0.0002751211156895279,2.925338206162363,1.8161
3.0680902901622984,0.0002747834195960956,2.936105454590245,1.8161
3.119268918236097,0.0002731946176997598,2.986586030084319,1.885
3.1608112088176936,0.00027190496863064054,3.027346463824561,1.9561
3.2023534993992913,0.0002706153195615213,3.0679140276498447,1.9561
3.2480377275413934,0.0002693782073459049,3.11231494678441,2.0295
3.2889854184786476,0.00026821080140633713,3.151938398231383,2.1051
3.3189458388752406,0.00026735663913436626,3.180820884436171,2.1051
3.3734705445501536,0.0002658979416657665,3.2331522555943932,2.1833
3.424557954404089,0.00026461935970041936,3.28193721425149,2.1833
3.469146223531829,0.00026350343393836224,3.3243237605109575,2.2639
3.4960789293050762,0.0002628293799595418,3.3498397807788893,2.2639
3.530394276976585,0.00026197055809339413,3.3822554269769802,2.3471
3.576571753223737,0.000260875338108952,3.425714094092029,2.3471
3.6227492294708883,0.0002598831047256914,3.468999253216129,2.433
3.6785365978214477,0.00025868437985503346,3.5210723807145996,2.5218
3.751018639074432,0.00025712693005779563,3.5883690826735433,2.6135
3.8009324353933334,0.0002562583081996163,3.6344940938614636,2.6135
3.850846231712235,0.000255393792293693,3.6804633915757536,2.7082
3.9032984473307923,0.00025448531051015084,3.7286031111271485,2.7082
3.933904292252328,0.0002539552117859456,3.756613364326143,2.806
4.00028813832336,0.0002528336483120087,3.8171684784789615,2.9072
4.036066139472855,0.000252337805380752,3.8497017232106026,2.9072
4.094616925385263,0.0002515263572175949,3.9028046800944174,3.0117
4.14040768649843,0.00025089174867364754,3.94421567353285,3.0117
4.18994395494461,0.0002502745956176221,3.9888997922442697,3.1198
4.255973601076338,0.00024952731154732286,4.048302929763185,3.1198
4.306499837239583,0.00024895548580496394,4.093638556939391,3.2315
4.374022695753309,0.0002482648857816183,4.154066818679563,3.3471
4.4092713440789115,0.00024801945897895406,4.185554852887904,3.3471
4.46387254609002,0.0002476392855803198,4.23426926672036,3.4667
4.569418110847473,0.00024702625804404,4.328235142870118,3.5904
4.617108453644646,0.0002468247893970028,4.370628609207889,3.5904
4.653575022220611,0.00024667073577100277,4.403021568346737,3.7184
4.729940651787651,0.0002464921697599373,4.4708076957347505,3.7184
4.779002210828993,0.00024640540369016896,4.514335877856832,3.8509
4.863585654364692,0.00024649204688613106,4.58937875417191,3.988
4.89910753885905,0.0002465340712759086,4.6209025444516065,3.988
4.980664346615473,0.0002468414749782769,4.693319503457318,4.13
5.025170106755362,0.00024709608527544895,4.73288902330264,4.13
5.114163110521105,0.0002476383835272879,4.812136585394301,4.277
5.1928650089767245,0.0002483993880862831,4.88240699119133,4.4293
5.245164169404242,0.0002490049512621267,4.929231884004997,4.4293
5.331122324930297,0.00025013986257449574,5.006461905573023,4.5871
5.3707387210925415,0.00025067481605570895,5.0421747564554895,4.5871
5.444655472106404,0.00025200306010364195,5.109056124197536,4.7506
5.522982328931491,0.0002534105513683988,5.180313551447332,4.7506
5.605049267543687,0.0002551573038136875,5.255438825487594,4.92
5.687453151477707,0.0002569544830251955,5.331396241541463,5.0955
5.728948274387253,0.0002579750113739157,5.369856954329178,5.0955
5.818449022438791,0.00026017618693899037,5.453331810064228,5.2775
5.892035022775332,0.00026216878714519263,5.522514583852348,5.2775
5.977299851775169,0.00026456144616596677,5.603354764300779,5.4662
6.056375388503074,0.0002668064665568323,5.678987529518155,5.6619
6.134965663949648,0.00026903995068494266,5.754789543230566,5.6619
6.220486938092444,0.0002723871447283183,5.838109831761425,5.8649
6.290123541553815,0.00027594177072551757,5.906816590814701,5.8649
6.361912202239036,0.0002802344241714246,5.978666302776753,6.0754
6.466443873975012,0.0002872872730747465,6.085430427260965,6.2938
6.54315051443047,0.0002925708860083864,6.165492575644081,6.2938
6.640928220152855,0.00029948511909763166,6.2696909987177065,6.5204
6.712789190544022,0.00030458953555546344,6.3478279022874515,6.5204
6.81594094534715,0.0003117603810805557,6.462278110238942,6.7555
6.90844935145643,0.00031810412239154594,6.567160080544772,6.9995
6.991581950651274,0.0003238049200377549,6.66321450140365,6.9995
7.069404210448265,0.00032907921359048484,6.754671294212993,7.2528
7.151062169008784,0.00033460182962955637,6.852222004637389,7.2528
7.280954412553045,0.0003433865825206892,7.010739789349561,7.5157
7.357611859308348,0.0003486890623612806,7.106234071049384,7.7887
7.442545754843288,0.0003545737147623388,7.213749596091876,7.7887
7.552387892074054,0.0003622048384042568,7.35546531984081,8.072
7.665810968279838,0.00037024602672948117,7.505003614368311,8.3663
7.746519439154201,0.0003761091528258992,7.613429016856791,8.3663
7.856963021688991,0.0003842430444528208,7.764577468064067,8.6718
7.938664984901746,0.00039035477144055974,7.878491454825209,8.6718
8.03717945098877,0.0003980595602390094,8.018297845318596,8.9891
8.169144081539578,0.0004086739078945421,8.209915211051408,8.9891
8.260616363949246,0.0004162370130342888,8.345728404646342,9.3185
8.380827946133085,0.00042634624524445905,8.528042939617258,9.6607
8.498734903335572,0.00043650206446691565,8.711167413322938,9.6607
8.596094315581853,0.00044510762048042077,8.865652295197316,10.016
8.729631401167977,0.00045728557356337565,9.082530735377622,10.3849
8.844557822942734,0.0004681405176922482,9.273971372090639,10.3849
8.936040870282385,0.00047678120581492507,9.429571145865607,10.7681
9.081342281169363,0.0004906114385881142,9.682569661594144,10.7681
9.169322329031097,0.0004990876974140291,9.839302460831677,11.1659
9.2768954906861,0.0005094516149506818,10.034587633303659,11.1659
9.409715185364089,0.0005223328062495253,10.28125160796405,11.579
9.543749227722486,0.0005354421928734564,10.536451244679704,12.0079
9.687341634101339,0.0005495518233621816,10.81688566773598,12.0079
9.774532028105524,0.0005579725069385593,10.990707222148504,12.4532
9.909755056897799,0.0005709592520714177,11.265490851304119,12.4532
10.064550417462986,0.0005856474283584345,11.587767172301408,12.9153
10.20887492093775,0.0005992449877990592,11.895592490760345,13.3949
10.308788770768379,0.000608591975165949,12.112815844447967,13.3949
10.447051038808294,0.0006214989841109999,12.418956310865465,13.8926
10.60474891179138,0.0006359935431884431,12.775903325190507,14.4089
10.746650706397164,0.0006488204250431954,13.104093308594686,14.4089
10.867307631174723,0.000659633099844202,13.388266469943776,14.9444
11.015374323527018,0.0006725358244210449,13.743324216170512,14.9444
11.152114573584663,0.0006843507327408629,14.077307190048563,15.4997
11.3085662094752,0.0006977450777186897,14.466523260955501,15.4997
11.43644395881229,0.0007085434912843481,14.790231232669251,16.0753
11.592410674095154,0.000721642581048466,15.191741795770339,16.6719
11.754257396062217,0.0007350563711390951,15.616130078053025,16.6719
11.910789777967665,0.0007476505532293295,16.033925406542288,17.2899
12.0638419924842,0.0007593778721199906,16.449132493291344,17.2899
12.215192179150053,0.0007706297313901394,16.86595342267173,17.9299
12.393271143171523,0.0007832745269906748,17.364069087710206,18.5925
12.524117612838745,0.0007921247236250433,17.735134250403586,18.5925
12.691548876232572,0.0008031919109878945,18.215925277456627,19.2781
12.846465549468995,0.000813433656320175,18.66671822369635,19.2781
13.055646341906654,0.0008280766164518231,19.284754248639512,19.9873
13.231855914062924,0.000840707929799995,19.814078558785063,20.7204
13.379505885707008,0.0008504707759186657,20.263576233009836,20.7204
13.557423840363821,0.0008613820521584565,20.811849369078587,21.478
13.72638972149955,0.0008709808803449966,21.338744927876984,21.478
13.912399655183156,0.0008809170839759908,21.92535096266074,22.2604
14.107108795113035,0.0008907168342861774,22.546299949997536,23.068
14.282784129778545,0.000899110617442001,23.11229286089368,23.068
14.46581563492616,0.0009073814195955018,23.707453782730767,23.9011
14.658731732567151,0.0009156769096008679,24.340551450819223,23.9011
14.839291277660264,0.0009229409911474184,24.938159217129936,24.7599
15.061030648218262,0.0009311416924864468,25.678260853348977,25.6448
15.2419661421246,0.0009372464017234559,26.28678831182306,25.6448
15.430374782019193,0.0009430885323443741,26.924517796522938,26.5558
15.643299217952624,0.0009487061763905304,27.649615562273,26.5558
15.830664652387302,0.0009529944897396211,28.291023249078926,27.4931
16.079853785501587,0.0009579344780633768,29.148235229960655,28.4568
16.24349595811632,0.0009603312886234492,29.713305696317175,28.4568
16.46670574300819,0.0009631955178987997,30.486179545319406,29.4469
16.69810255540742,0.0009653099652120633,31.289467723013566,29.4469
16.914414038591914,0.000966005355963329,32.041467540958045,30.4634
17.136229586468804,0.0009657631713379411,32.812705403172586,31.5061
17.355056312680244,0.0009643768232220481,33.57297838914381,31.5061
17.5872454155816,0.0009620411292247529,34.378158817375315,32.5748
17.821997823317847,0.0009586410936414241,35.18982767796907,32.5748
18.047060751517613,0.0009546466804203102,35.965032615041615,33.6694
18.297048469318284,0.0009494250952561035,36.82198057243804,34.7895
18.52035531858603,0.0009441785191263646,37.583145962686885,34.7895
18.77487360570166,0.000937097140591109,38.44510062065524,35.9348
19.01237041592598,0.000930069272034039,39.243336089234994,35.9348
19.266302444007664,0.0009221945509204016,40.090026465120395,37.1048
19.513699697587224,0.0009142813905073929,40.907967402886534,38.2992
19.788774196770458,0.000904595296272116,41.808593586987286,38.2992
20.028314398593373,0.0008957921725642319,42.58489732742218,39.5173
20.31532869299253,0.0008850573715449178,43.504968374885436,39.5173
20.546084090736176,0.0008762752819676156,44.236495870392034,40.7585
20.82365991950035,0.0008656325393661192,45.10673833765092,42.0223
21.080200691951646,0.0008555552202388462,45.90149466628129,42.0223
21.353307123184205,0.0008448682246215276,46.73742216186882,43.308
21.652537829346127,0.0008330591639644421,47.6412012537402,43.308
21.954412108129926,0.0008209677378976416,48.539955974299716,44.6147
22.239200618200833,0.0008093709919284851,49.37569910230026,45.9418
22.482383318079844,0.000799538755999612,50.07994367040766,45.9418
22.78011705186632,0.0007878499904134897,50.930622462189866,47.2884
23.11978161805206,0.0007741170181670739,51.88580545515864,47.2884
23.428955326543914,0.0007605717456591635,52.73979753296971,48.6537
23.726707521478335,0.0007485218144316216,53.54853649743366,50.0369
24.0474405655596,0.0007365947133077052,54.40590502298777,50.0369
24.34326045897272,0.0007255807303756752,55.18448662305441,51.437
24.652582397990756,0.0007142061605586612,55.9861088599732,51.437
25.021212371521525,0.0007009040895232243,56.92501896089962,52.8531
25.301804173986117,0.00069114886216468,57.62807715111835,54.2843
25.65628809611003,0.0006786489942698972,58.50213732447526,54.2843
25.972285901175606,0.0006675383674247937,59.26781172837459,55.7297
26.340422396130034,0.0006546673173857175,60.143944282915136,55.7297
26.659783194263778,0.0006437929020856603,60.89035628047788,57.1884
26.993946497042973,0.0006326073321507411,61.658053475125925,58.6593
27.368532729148864,0.0006212702808281035,62.50335640876419,58.6593
27.716082244846557,0.0006109935810928319,63.274258774575834,60.1417
28.094638201793035,0.0006001048709263879,64.09954855451345,60.1417
28.455945438543957,0.0005896309019480623,64.87330324556186,61.6345
28.86171603785621,0.000577878971767666,65.72608409680637,63.1369
29.223296472761366,0.0005677939860127418,66.4717803071362,63.1369
29.60668470674091,0.0005567161603866727,67.24778851457796,64.648
29.981442215310203,0.000545614218343181,67.99139683134656,64.648
30.36611592359013,0.000534639244290886,68.73932707448378,66.1668
30.786668662627537,0.0005232515122892895,69.5401351731416,67.6926
31.188359380231965,0.0005111952791121986,70.28833659665086,67.6926
31.60584990680218,0.0004992519168722697,71.04748183554176,69.2245
31.97870707028442,0.0004896522773433663,71.71111831429526,69.2245
32.43725058158238,0.0004786365117839218,72.51022221430222,70.7616
32.820912458631724,0.0004696669221693227,73.16508825077452,72.3032
33.2764631744888,0.00045930258964407806,73.92679658110049,72.3032
33.70506976491875,0.0004507395391659198,74.62873770622089,73.8486
34.144737170934675,0.00044258240742939785,75.33561040853697,73.8486
34.61386983421114,0.000435113132272651,76.076524462656,75.3969
35.073068315055636,0.00042902722835829854,76.79068692115197,76.9476
35.468883740901944,0.00042557741425680725,77.39925457679819,76.9476
35.97046003142992,0.00042036067816531074,78.16351553692098,78.4999
36.45959238330523,0.0004130249227554982,78.89732981189607,78.4999
36.91146529290411,0.0004068771053420114,79.56375891208216,80.0531
37.407324603729776,0.0004025632797544461,80.28649875089985,81.6068
37.8742927516169,0.0003992249552586305,80.96016369391396,81.6068
38.35436503529549,0.00039513532955131784,81.64667515709326,83.1602
38.83846914834446,0.0003916033671187394,82.33197575799146,83.1602
39.40000730236371,0.0003879368487957676,83.12008459611489,84.7129
39.929210306670925,0.0003841465564546584,83.8554927264385,86.2643
40.44643006079726,0.00038045820754482407,84.56742017942993,86.2643
40.98295661158031,0.0003770554349347339,85.29900270174566,87.8139
41.490015318592384,0.00037404309843377286,85.98442259230005,87.8139
42.029359229803084,0.00037109152242030937,86.70774662520236,89.3612
42.650088891386986,0.00036844100078592266,87.53371777936154,90.906
43.1505918498834,0.00036698277934721374,88.1961820733758,90.906
43.72785536686579,0.00036525620625909314,88.95715190639207,92.4476
44.28525763981872,0.0003640208395893483,89.6887183563013,92.4476
44.88478439648946,0.0003612423001609687,90.47113570620623,93.9858
45.429936524165996,0.0003610019115802924,91.1798159426894,95.5201
46.03884154154194,0.00036110946048919514,91.9715015120594,95.5201
46.63798000057538,0.0003615014456539821,92.75064284014346,97.0503
47.23014817628595,0.0003620004128260118,93.52178726892964,97.0503
47.896200545496406,0.0003625739157328032,94.39062428986453,98.5761
48.5311559377114,0.000363276808843248,95.22022756834787,100.0971
49.10650086455875,0.00036401413563065776,95.97330504535597,100.0971
49.79456734014882,0.00036592412946834154,96.87720424722822,101.6132
50.43924076477686,0.0003675934411226052,97.72830237915986,101.6132
51.05393752382861,0.0003696829129473271,98.54389417203602,103.124
51.794659307996426,0.00037104463892613916,99.5324882654709,104.6294
52.41612526721424,0.000373202039885545,100.36451683659683,104.6294
53.15942230688201,0.00037697113093292594,101.36848376118547,106.1291
53.84403177486525,0.0003798621597817274,102.30114238024505,106.1291
54.500928486585615,0.00038149798476186104,103.20170561936413,107.623
55.262926012145144,0.0003841222450806859,104.2518917058049,109.1109
55.96912585496902,0.0003853312543234598,105.23031274814548,109.1109
56.698143384125494,0.00038566876617821113,106.24255969264105,110.5927
57.459282640549866,0.0003845672716491468,107.29804690572172,110.5927
58.19636512570911,0.00038148529895640784,108.31492350191037,112.0681
58.94120132803916,0.0003760142357312189,109.33111928286837,113.5372
59.72729015681478,0.0003670018108778994,110.38243671975526,113.5372
60.504423354930346,0.00035834058998340454,111.39647172923127,114.9998
61.289859936171105,0.00034852246195901654,112.3952870494865,114.9998
62.10385536710421,0.00033708932617335314,113.39998728740939,116.4558
62.90027977638774,0.00032654916077871356,114.35117449775328,117.9051
63.747565501464734,0.00031583850335211366,115.33087573993794,117.9051
64.59143547144201,0.0003047328296770407,116.27375191653603,119.3476
65.4329170164797,0.00029560676211821886,117.1816020862563,119.3476
66.25701390703519,0.00028703089058631376,118.04650314661654,120.7833
67.12422406699922,0.0002776820063346925,118.9278772771498,122.2122
68.04002405643463,0.0002693120648463163,119.8295556616268,122.2122
68.9281121565236,0.0002618613276105576,120.67825512013083,123.6342
69.8264665087064,0.00025555293387162666,121.51469268570654,123.6342
70.72386571301354,0.00025010759624325844,122.33117170844507,125.0493
71.6314953088098,0.00024348296170939585,123.13592433351644,126.4574
72.63918336252371,0.0002387753287590631,124.01082037994493,126.4574
73.5576268670294,0.00023579062474628473,124.79490829499149,127.8585
74.51977901286548,0.00023256862036852887,125.60630817680887,127.8585
75.52058960007297,0.00022623599542906356,126.43452794331074,129.2526
76.48517892016305,0.00022287696162137676,127.21442289686343,130.6398
77.45346159974734,0.0002201394417303228,127.98615057921867,130.6398
78.55394092533324,0.00021667060366310848,128.85123243962536,132.02
79.53335900213983,0.00021465394517148845,129.6114571804162,132.02
80.53103977243106,0.0002114443346071879,130.37687343047168,133.3932
81.59323712600602,0.00020841545965574247,131.17912984369616,134.7595
82.66519533567958,0.00020566920972847483,131.9781786657339,134.7595
83.81487477567461,0.0002015780302423825,132.82196298264074,136.1188
84.84390330096086,0.00019706503483688708,133.5583248550521,136.1188
85.97543453243044,0.00019590519094775169,134.3597734737207,137.4712
87.13214384535948,0.00019440986475000098,135.17210759484743,138.8167
88.28684610883394,0.00019332073640006186,135.9777637974682,138.8167
89.4113974808322,0.00019219642747965034,136.7581038749911,140.1553
90.6558290853103,0.00019170490850929558,137.61807276416116,140.1553
91.7589666683144,0.00019081617863569387,138.37722564765443,141.4871
92.97053458306524,0.00018989581761381423,139.20767048451347,142.8121
94.17083960129155,0.0001896761003804581,140.02795771357037,142.8121
95.42177472372849,0.0001887178014337404,140.88059970083359,144.1303
96.63962253934807,0.0001872754032988839,141.70518846409442,144.1303
97.89400034474002,0.00018454184860255984,142.54788073453997,145.4418
99.18325652003288,0.00018219636087275708,143.39796402228637,146.7466
100.50070667359564,0.00018163696664432957,144.26126803603086,146.7466
101.8185512149334,0.00018078239179586451,145.12088470109515,148.0448
103.16906408594714,0.00017926924549642128,145.99650890425616,148.0448
104.44135023633639,0.00017813959815777517,146.8149422936863,149.3364
105.86492126584052,0.00017670596749500792,147.72412293434047,150.6214
107.25094112343258,0.00017439546578107128,148.6010747947976,150.6214
108.69273867925008,0.00017153368513281073,149.49823814372465,151.9
110.11409777422746,0.00017152518523240025,150.3746270874579,151.9
111.49361381491025,0.00016944693470012613,151.22176381601963,153.1721
112.98305070128706,0.00016687936331316673,152.12238892913606,154.4378
114.46155964639452,0.0001647372428013869,153.00428165753587,154.4378
115.97922487543688,0.00016292405503298528,153.89919519993634,155.6971
117.47564590043491,0.00016142826180145595,154.7742128248043,155.6971
119.00393232345581,0.00016025472554843893,155.65851255934896,156.9502
120.5400428850121,0.00015858278843275818,156.539980000499,156.9502
122.16632792638407,0.0001567212479032099,157.46323737258774,158.1969
123.75664769662751,0.00015472255493035922,158.35291181113487,159.4376
125.34757835143142,0.0001517709917634213,159.22861641156592,159.4376
127.02366984466711,0.00014972687230564675,160.13823959471713,160.672
128.65602414104674,0.00014783397689615963,161.01285462580606,160.672
130.37967496593794,0.00014588487591990246,161.92388144019372,161.9004
132.05993013951516,0.0001427591338436606,162.79752553991779,163.1227
133.80058451884324,0.00013910304927473315,163.68157826720773,163.1227
135.59082105331953,0.00013725511957867048,164.57424497863815,164.3391
137.32120451490084,0.0001340232997424739,165.4187836182077,164.3391
139.11554728845758,0.00013174670866463782,166.27638593766,165.5495
140.91889045788184,0.0001310452737671755,167.1288777125645,166.7541
142.7693127875858,0.00012969162282033104,167.99614401891398,166.7541
144.60361717601617,0.00012794272025958684,168.8463486061114,167.9528
146.49969770438142,0.00012653269388014285,169.71604074886434,167.9528
148.4652735482322,0.00012502747345405344,170.60493146511806,169.1457
150.3873998799589,0.00012212331687638122,171.45914417786827,170.333
152.37775276184084,0.00012036948308583747,172.32904102411123,170.333
154.329381215175,0.00011759017883677748,173.16629616697372,171.5146
156.3910507810778,0.00010786411419311331,174.00777727374927,171.5146
158.47099739147558,0.00010758501112722557,174.80677525568908,172.6905
160.49854088452128,0.00010685564527602647,175.59104346220252,173.8609
162.5957039250268,0.00010642588028691863,176.39723196255653,173.8609
164.75783726950488,0.0001053154121418424,177.22119827694584,175.0258
166.90999068088001,0.00010331102193870892,178.03017057885114,175.0258
169.02005944861307,9.961641719982304e-5,178.80162113544927,176.1852
171.31778733001815,9.903115794083892e-5,179.62337528628134,177.3392
173.5615473608176,9.707943636166499e-5,180.41722673919165,177.3392
175.79667575087814,9.534856148839339e-5,181.19084593379714,178.4878
178.11287759323915,9.300790649064517e-5,181.97763339822674,178.4878
180.4097791870435,8.261544909692178e-5,182.71162074280815,179.6311
182.81222029301856,8.283707636623927e-5,183.42420598856754,180.7692
185.22263705968857,8.269756578501833e-5,184.14277903265517,180.7692
187.60793358114032,8.221374843924123e-5,184.8482555034059,181.902
190.04199326343007,8.154314933649249e-5,185.56779808797555,181.902
192.56723901854622,7.931630569355563e-5,186.2968499124952,183.0296
195.121046885252,7.833417588034298e-5,187.02347999619397,184.1521
197.6312763300207,7.528783303955753e-5,187.72189092499698,184.1521
200.24678937375546,7.49502340211348e-5,188.4304810102375,185.2695
202.86544018308322,7.225930567534325e-5,189.12770155743186,185.2695
205.45927604112362,6.61110578654597e-5,189.76883589505613,186.3819
208.19048439813986,6.777170185700203e-5,190.42815196339626,187.4892
210.9086195119222,6.739048543502259e-5,191.09084970316167,187.4892
213.67823536415895,6.822313828121226e-5,191.76861184016997,188.5917
216.50795613010726,6.551103391911356e-5,192.4479479045915,188.5917
219.29711941189237,6.546628354806681e-5,193.10604969470234,189.6891
222.19922421892485,6.429545889642109e-5,193.78091461867422,190.7818
225.04813970009488,6.374591153995744e-5,194.4405079505755,190.7818
228.04967524449032,5.926419963875572e-5,195.11481428318865,191.8695
231.01285181019043,5.778726631639218e-5,195.7251214253027,191.8695
234.0107669301828,5.954129938660344e-5,196.35943208839237,192.9525
237.14833160161973,5.9667971292947096e-5,197.03060380213876,194.0307
240.2222834891081,5.942853192709272e-5,197.68732503557007,194.0307
243.4014634895987,5.637121894512479e-5,198.34213252048664,195.1042
246.47664656321209,5.6136777270383343e-5,198.96753201135533,195.1042
249.77409623887806,5.558125228537592e-5,199.6344666569396,196.1731
253.05933172080253,4.727868742782492e-5,200.24588530466892,197.2372
256.38326407988865,4.985368110007309e-5,200.82420753351192,197.2372
259.72186691006027,5.209562591154006e-5,201.44104942220582,198.2968
263.21277075443004,5.154041382763671e-5,202.09665926854933,198.2968
266.5671408420139,5.070289063431433e-5,202.71894408761435,199.3518
270.0327607190609,4.984951422627475e-5,203.34733099034437,200.4022
273.5989335689942,4.926397748920248e-5,203.98297495004007,200.4022
277.19561195592087,4.102672380584201e-5,204.5683008069607,201.4481
280.7927003811466,4.2929408807102396e-5,205.11038629849637,201.4481
284.4690208201938,4.367059015232472e-5,205.68732570234698,202.4896
288.2119212823444,4.3449030660773566e-5,206.27400137079724,203.5266
291.99963425887955,4.415619800978014e-5,206.86813302651237,203.5266
295.7957594558928,4.392002063698759e-5,207.4689127117899,204.5592
299.6564229344659,3.9387270631402157e-5,208.06541268968934,204.5592
303.6099657203754,3.772499669306865e-5,208.58704477002286,205.5874
307.5846605195602,3.784655766415923e-5,209.13161140169672,206.6112
311.6135324061579,3.8076627375095606e-5,209.68662028687837,206.6112
315.6232219962279,3.8398071778546113e-5,210.23620121406856,207.6307
319.7880790054798,3.885103662627905e-5,210.8182936966941,207.6307
323.98678283227815,3.354058672913675e-5,211.3872610161992,208.646
328.2385163544284,3.315870293755865e-5,211.87372140218346,209.6569
332.51504069752167,3.434966334625864e-5,212.3966539470337,209.6569
336.8800745318996,3.517038149472796e-5,212.94125075398807,210.6636
341.31083716538217,3.401389732907636e-5,213.48640999015788,210.6636
345.7405131239361,3.365881236962004e-5,214.02657585534445,211.666
350.2749860354265,2.877799754108438e-5,214.539266119039,212.6643
354.8788238942623,3.192137134296125e-5,215.04313629154558,212.6643
359.53000417113304,3.325163207486591e-5,215.58922204961092,213.6584
364.2278204124504,3.0818410216191225e-5,216.11953327117996,213.6584
369.0396667899026,3.038723436465154e-5,216.65016027713136,214.6483
373.78678808305,2.5465336493552007e-5,217.123288382706,215.6342
378.7594326812691,2.843713367248265e-5,217.57963702223628,215.6342
383.67743872318005,2.8909546015221515e-5,218.08551477707599,216.6159
388.71480576700634,2.7806897512432837e-5,218.58451593300157,216.6159
393.7870611791478,2.685829026603522e-5,219.07951995431907,217.5935
398.92631017969717,1.9812420281907437e-5,219.4881586112472,218.567
404.1726399596532,2.3681839141054453e-5,219.9090549061189,218.567
409.4874778610468,2.5236491796626017e-5,220.37269856099016,219.5365
414.84664643565816,2.5834744456244714e-5,220.8749754315127,219.5365
420.25272460937504,2.357166616252825e-5,221.3622961055305,220.502
425.7188367149565,2.024782959254389e-5,221.77480249343915,221.4635
431.3193966162867,2.1120219632539983e-5,222.18829997436822,221.4635
437.013772578968,2.2189362522026342e-5,222.6304917995358,222.4209
442.6798069139984,2.2085303884384723e-5,223.09034141561764,222.4209
448.4803142050902,1.780524641760762e-5,223.4628913196129,223.3744
454.3475522232056,1.9081455293049277e-5,223.8490380070391,224.3239
460.3090459371938,2.0032871307074146e-5,224.26295177029945,224.3239
466.30374164786605,2.0418543582841008e-5,224.70304430998607,225.2695
472.4432979546653,1.87518521700563e-5,225.1386250298166,225.2695
478.586281978488,1.7234301680778233e-5,225.5339384501796,226.2112
484.906876784828,1.8338947437284496e-5,225.94946628715869,227.1489
491.17099155015416,1.703381847978274e-5,226.36420397597252,227.1489
497.65779401375187,1.5217017633084182e-5,226.71236196087472,228.0827
504.19844572179846,1.6615875831445606e-5,227.11526484130098,228.0827
510.77510936862893,1.642901134137851e-5,227.5038171741469,229.0127
517.5060378447506,1.4700635157140025e-5,227.87623493682253,229.9387
524.2054931147893,1.579362105569411e-5,228.2195942317244,229.9387
531.0736691202058,1.5776992532183824e-5,228.63174687220086,230.8609
538.10838618656,1.3723193339510248e-5,229.00520580901932,230.8609
545.0785442094669,1.3031277099107746e-5,229.30771085258536,231.7792
552.2322925195429,1.4537262916519253e-5,229.66606853406125,232.6937
559.4891478823953,1.5176929211868434e-5,230.0605605091473,232.6937
566.749592296746,1.1101706057829676e-5,230.4053032436522,233.6043
574.2508011070887,1.2413055985654848e-5,230.69986688010917,233.6043
581.7185103589958,1.403668934941314e-5,231.06652597782863,234.5111
589.3015607807371,1.1166641775167995e-5,231.4281558676387,235.4141
597.06053188973,1.205417683122265e-5,231.73003662451512,235.4141
604.8405142876836,1.3131609356473548e-5,232.09527547403385,236.3133
612.8210899214612,1.17133620171877e-5,232.46187399439057,236.3133
620.8047481049431,1.1015844172177775e-5,232.76305975850326,237.2086
628.9083087935712,1.2005271331846884e-5,233.1040386047182,238.1002
637.1634099957015,1.0372172087273552e-5,233.43894067900737,238.1002
645.5063753257194,1.0402070669086652e-5,233.7353800963978,238.9879
653.9474870230754,1.1530861985746185e-5,234.07369258957968,238.9879
662.5184874347846,8.35951354988399e-6,234.37151591398097,239.8719
